group,ind,time,obs
1,1,0.0,1.5732944512733131
1,1,0.05263157894736842,2.5241773368283065
1,1,0.10526315789473684,2.6588864087839985
1,1,0.15789473684210525,1.2074613281267152
1,1,0.21052631578947367,0.9069360705303482
1,1,0.2631578947368421,0.869320175622625
1,1,0.3157894736842105,2.142122920930577
1,1,0.3684210526315789,1.4801563642771602
1,1,0.42105263157894735,0.9376870711969221
1,1,0.47368421052631576,0.6591877414894363
1,1,0.5263157894736842,0.3136907955651975
1,1,0.5789473684210527,0.3447724608819309
1,1,0.631578947368421,1.6337331908939539
1,1,0.6842105263157895,0.22602962598349596
1,1,0.7368421052631579,0.25877575605003933
1,1,0.7894736842105263,0.9537179315891996
1,1,0.8421052631578947,2.066822186304534
1,1,0.8947368421052632,0.7079550122978278
1,1,0.9473684210526315,1.151128256925062
1,1,1.0,1.2909568828138822
1,2,0.0,1.1561344952848667
1,2,0.05263157894736842,1.9050520271464226
1,2,0.10526315789473684,1.0534779128591327
1,2,0.15789473684210525,2.1143103465726165
1,2,0.21052631578947367,1.2361644359231165
1,2,0.2631578947368421,1.0572949541906391
1,2,0.3157894736842105,1.7351792419577825
1,2,0.3684210526315789,1.079585675859671
1,2,0.42105263157894735,0.8475072069604004
1,2,0.47368421052631576,0.5320760545453436
1,2,0.5263157894736842,-0.20576528907358915
1,2,0.5789473684210527,1.4476448464069456
1,2,0.631578947368421,0.018755524098883827
1,2,0.6842105263157895,0.2710788428238582
1,2,0.7368421052631579,0.1814913317823496
1,2,0.7894736842105263,1.8866881597981915
1,2,0.8421052631578947,1.8985863350749053
1,2,0.8947368421052632,1.732470041232466
1,2,0.9473684210526315,1.187740778181638
1,2,1.0,3.132444708594793
1,3,0.0,3.3870453092744954
1,3,0.05263157894736842,2.1247916084076333
1,3,0.10526315789473684,3.292055843115931
1,3,0.15789473684210525,0.06012365697365236
1,3,0.21052631578947367,1.6321490839031143
1,3,0.2631578947368421,1.9286316484017672
1,3,0.3157894736842105,1.3005063148685179
1,3,0.3684210526315789,1.8519324279076261
1,3,0.42105263157894735,1.5437596816287493
1,3,0.47368421052631576,-0.10585609187001188
1,3,0.5263157894736842,2.2731518771609998
1,3,0.5789473684210527,1.3300189491013368
1,3,0.631578947368421,0.5056531532859618
1,3,0.6842105263157895,0.41904445574510013
1,3,0.7368421052631579,2.432933209464259
1,3,0.7894736842105263,3.317678486567046
1,3,0.8421052631578947,2.0012991107046973
1,3,0.8947368421052632,1.7441466572334905
1,3,0.9473684210526315,1.8382208348752598
1,3,1.0,2.2321924558808943
1,4,0.0,3.4012539136595556
1,4,0.05263157894736842,1.9041677419022003
1,4,0.10526315789473684,2.9877365418292534
1,4,0.15789473684210525,0.3035753200026083
1,4,0.21052631578947367,-0.27836573005200804
1,4,0.2631578947368421,2.880375097745408
1,4,0.3157894736842105,1.5227823301472498
1,4,0.3684210526315789,0.9561748024256593
1,4,0.42105263157894735,0.6860066144052632
1,4,0.47368421052631576,0.064482708836786
1,4,0.5263157894736842,0.896988453361135
1,4,0.5789473684210527,0.9649751408304987
1,4,0.631578947368421,1.0372743913696285
1,4,0.6842105263157895,0.3389437145646329
1,4,0.7368421052631579,0.6050280715620566
1,4,0.7894736842105263,0.7926414493852851
1,4,0.8421052631578947,2.2386185941294294
1,4,0.8947368421052632,1.4587780496513718
1,4,0.9473684210526315,1.9793588737503298
1,4,1.0,1.5802192179244374
1,5,0.0,1.066642793668165
1,5,0.05263157894736842,0.8087414035820972
1,5,0.10526315789473684,2.6212627823618013
1,5,0.15789473684210525,0.5351856153954788
1,5,0.21052631578947367,2.585356167670583
1,5,0.2631578947368421,1.1779370816039485
1,5,0.3157894736842105,1.2011873846162047
1,5,0.3684210526315789,0.5901336033818453
1,5,0.42105263157894735,1.3683690743152506
1,5,0.47368421052631576,0.7593691383285935
1,5,0.5263157894736842,1.2991524490682036
1,5,0.5789473684210527,1.5807812785495827
1,5,0.631578947368421,0.6460095597446835
1,5,0.6842105263157895,1.6992448378130915
1,5,0.7368421052631579,1.2329416114505019
1,5,0.7894736842105263,1.0768258367119872
1,5,0.8421052631578947,0.9369798682084284
1,5,0.8947368421052632,2.348518963461931
1,5,0.9473684210526315,3.311502093047044
1,5,1.0,1.8281763773788131
1,6,0.0,1.2905078881185488
1,6,0.05263157894736842,3.121537021943916
1,6,0.10526315789473684,2.106266619755124
1,6,0.15789473684210525,0.1918334343594918
1,6,0.21052631578947367,0.629199367695461
1,6,0.2631578947368421,2.1795756006460016
1,6,0.3157894736842105,1.2082849798940252
1,6,0.3684210526315789,0.5282632172493118
1,6,0.42105263157894735,1.6256366786184726
1,6,0.47368421052631576,2.1077716923310224
1,6,0.5263157894736842,0.9061536413401863
1,6,0.5789473684210527,0.682111764005729
1,6,0.631578947368421,1.635739677238103
1,6,0.6842105263157895,1.7767357219743622
1,6,0.7368421052631579,0.33687803830974883
1,6,0.7894736842105263,1.2677563619523653
1,6,0.8421052631578947,2.8192366305132333
1,6,0.8947368421052632,1.618599704545514
1,6,0.9473684210526315,0.9732173333160128
1,6,1.0,1.6901903952342336
1,7,0.0,2.116859943286417
1,7,0.05263157894736842,1.5780083618404603
1,7,0.10526315789473684,0.5997576549757422
1,7,0.15789473684210525,0.22915554077563932
1,7,0.21052631578947367,1.4858786926890126
1,7,0.2631578947368421,0.5475306479986093
1,7,0.3157894736842105,0.3588994049436605
1,7,0.3684210526315789,2.2030032305698777
1,7,0.42105263157894735,1.1543303098882052
1,7,0.47368421052631576,0.2593642916662832
1,7,0.5263157894736842,1.5013957606961057
1,7,0.5789473684210527,0.40086110001132635
1,7,0.631578947368421,0.0005868798181512536
1,7,0.6842105263157895,1.3459934492619552
1,7,0.7368421052631579,1.2974444712288629
1,7,0.7894736842105263,2.625873981412522
1,7,0.8421052631578947,2.2782751179817935
1,7,0.8947368421052632,2.880812674151166
1,7,0.9473684210526315,0.9771460033012725
1,7,1.0,2.8087521390344836
1,8,0.0,1.1497025881329654
1,8,0.05263157894736842,2.096362305518737
1,8,0.10526315789473684,2.2471964815513297
1,8,0.15789473684210525,0.19421779394514077
1,8,0.21052631578947367,1.7295502184978826
1,8,0.2631578947368421,1.6200346722625205
1,8,0.3157894736842105,1.1157300426061074
1,8,0.3684210526315789,2.5490341828356113
1,8,0.42105263157894735,1.5264216021363413
1,8,0.47368421052631576,0.4966264928831375
1,8,0.5263157894736842,0.8620719510018607
1,8,0.5789473684210527,1.1018212959766864
1,8,0.631578947368421,0.6399028481193327
1,8,0.6842105263157895,1.3656725454777456
1,8,0.7368421052631579,1.4350963169864224
1,8,0.7894736842105263,1.2106678227654164
1,8,0.8421052631578947,1.2191772630956876
1,8,0.8947368421052632,0.9228453771861967
1,8,0.9473684210526315,2.3499028329238443
1,8,1.0,1.8697367327583623
1,9,0.0,1.1626262259769704
1,9,0.05263157894736842,1.3124412375814671
1,9,0.10526315789473684,2.6179489341625226
1,9,0.15789473684210525,0.6350676498572754
1,9,0.21052631578947367,1.549955544550676
1,9,0.2631578947368421,0.882617100782415
1,9,0.3157894736842105,1.7482258179084504
1,9,0.3684210526315789,0.7600526209138702
1,9,0.42105263157894735,1.7674037737429957
1,9,0.47368421052631576,1.0275446216819046
1,9,0.5263157894736842,0.2082698089638656
1,9,0.5789473684210527,0.8915223774926183
1,9,0.631578947368421,1.1688210673667179
1,9,0.6842105263157895,0.02831964942042564
1,9,0.7368421052631579,1.6625056349829237
1,9,0.7894736842105263,1.2967083424578347
1,9,0.8421052631578947,1.8422716478054528
1,9,0.8947368421052632,2.270585080391682
1,9,0.9473684210526315,2.8561548399819428
1,9,1.0,2.5841461744689225
1,10,0.0,2.2343547849145495
1,10,0.05263157894736842,1.3848596230840848
1,10,0.10526315789473684,2.8580922820869765
1,10,0.15789473684210525,2.4743563129211745
1,10,0.21052631578947367,1.2907587902557742
1,10,0.2631578947368421,0.006548955356024275
1,10,0.3157894736842105,-0.3546137970166569
1,10,0.3684210526315789,0.7085707724163299
1,10,0.42105263157894735,1.1157901342402017
1,10,0.47368421052631576,1.3638240917530406
1,10,0.5263157894736842,0.5922574187557819
1,10,0.5789473684210527,0.7048600646346487
1,10,0.631578947368421,2.297154843856906
1,10,0.6842105263157895,-0.040711050614516395
1,10,0.7368421052631579,0.21550234523387857
1,10,0.7894736842105263,1.2064350982959144
1,10,0.8421052631578947,0.23231816562486463
1,10,0.8947368421052632,2.0255860539964097
1,10,0.9473684210526315,2.7193270755084042
1,10,1.0,2.0569320205668715
1,11,0.0,2.2875248630928735
1,11,0.05263157894736842,2.882688014804864
1,11,0.10526315789473684,2.405651351151061
1,11,0.15789473684210525,0.8314177047275334
1,11,0.21052631578947367,1.0174835773341502
1,11,0.2631578947368421,2.164842927821573
1,11,0.3157894736842105,2.5417183890503363
1,11,0.3684210526315789,2.4363787238717696
1,11,0.42105263157894735,0.9799754418634818
1,11,0.47368421052631576,1.647821623285675
1,11,0.5263157894736842,0.9590931906169575
1,11,0.5789473684210527,-0.35174806437398765
1,11,0.631578947368421,0.9055618196828932
1,11,0.6842105263157895,1.161964312245746
1,11,0.7368421052631579,0.9371208457834296
1,11,0.7894736842105263,2.541284489103361
1,11,0.8421052631578947,2.210020230334199
1,11,0.8947368421052632,2.7199105858798585
1,11,0.9473684210526315,2.9956195330565354
1,11,1.0,1.3972490275226346
1,12,0.0,1.083136282931519
1,12,0.05263157894736842,1.8018859575349486
1,12,0.10526315789473684,0.7353636188669269
1,12,0.15789473684210525,2.1872157422293594
1,12,0.21052631578947367,1.9497583973937638
1,12,0.2631578947368421,0.8840812574866113
1,12,0.3157894736842105,1.934452201642891
1,12,0.3684210526315789,0.6182634761345722
1,12,0.42105263157894735,1.88498912747319
1,12,0.47368421052631576,0.41662173586082035
1,12,0.5263157894736842,1.6310471898078234
1,12,0.5789473684210527,1.8277289787545743
1,12,0.631578947368421,0.08971881512590052
1,12,0.6842105263157895,1.99744431728579
1,12,0.7368421052631579,2.0864478700463307
1,12,0.7894736842105263,1.7971262642948913
1,12,0.8421052631578947,1.0016834882512708
1,12,0.8947368421052632,1.226701949232654
1,12,0.9473684210526315,2.188195471063528
1,12,1.0,2.6664201481902934
1,13,0.0,2.5301734229144244
1,13,0.05263157894736842,1.9930235136903056
1,13,0.10526315789473684,0.4127637898370845
1,13,0.15789473684210525,1.6891223173692096
1,13,0.21052631578947367,2.416253104975861
1,13,0.2631578947368421,0.3230343433612375
1,13,0.3157894736842105,2.752537003857597
1,13,0.3684210526315789,0.016013442819089424
1,13,0.42105263157894735,-0.6377353235464028
1,13,0.47368421052631576,1.2985490556161383
1,13,0.5263157894736842,0.7903407709949942
1,13,0.5789473684210527,1.7966272448476548
1,13,0.631578947368421,1.5264768403454534
1,13,0.6842105263157895,2.225545540439768
1,13,0.7368421052631579,0.3396848758929807
1,13,0.7894736842105263,0.5601414328282271
1,13,0.8421052631578947,0.6627296332131456
1,13,0.8947368421052632,2.326616707932268
1,13,0.9473684210526315,1.0939922404893843
1,13,1.0,2.0079571236293954
1,14,0.0,1.338711054462056
1,14,0.05263157894736842,1.8535826703895784
1,14,0.10526315789473684,0.6764561246713761
1,14,0.15789473684210525,1.6386882040942221
1,14,0.21052631578947367,1.3996536927487901
1,14,0.2631578947368421,0.585729681731615
1,14,0.3157894736842105,1.091448534406766
1,14,0.3684210526315789,1.3160107639846421
1,14,0.42105263157894735,1.2114590778631515
1,14,0.47368421052631576,0.8122386332773938
1,14,0.5263157894736842,0.7367578869582869
1,14,0.5789473684210527,1.0856649350787235
1,14,0.631578947368421,0.549113145717924
1,14,0.6842105263157895,1.3006628413717731
1,14,0.7368421052631579,1.29694677147857
1,14,0.7894736842105263,-0.03636246814431292
1,14,0.8421052631578947,1.986976126406635
1,14,0.8947368421052632,2.0486145345432845
1,14,0.9473684210526315,0.4882357365771116
1,14,1.0,0.9427931300693941
1,15,0.0,2.4879271035925616
1,15,0.05263157894736842,1.5967690637991698
1,15,0.10526315789473684,0.024691494135706524
1,15,0.15789473684210525,1.116982799105299
1,15,0.21052631578947367,0.6872189804674049
1,15,0.2631578947368421,1.475163361070717
1,15,0.3157894736842105,0.8907280676438869
1,15,0.3684210526315789,1.9505099909003
1,15,0.42105263157894735,1.0277456517513064
1,15,0.47368421052631576,-0.001551027814916158
1,15,0.5263157894736842,1.3104686727105
1,15,0.5789473684210527,0.3022859622923106
1,15,0.631578947368421,1.5517938137431475
1,15,0.6842105263157895,0.22129989942772146
1,15,0.7368421052631579,1.815436500337464
1,15,0.7894736842105263,2.42408907939591
1,15,0.8421052631578947,0.8676212483301116
1,15,0.8947368421052632,2.261095665421603
1,15,0.9473684210526315,2.1129701417344546
1,15,1.0,1.6057740130147637
1,16,0.0,1.5896767722117076
1,16,0.05263157894736842,1.161462185347645
1,16,0.10526315789473684,1.9717169159663512
1,16,0.15789473684210525,0.6441445222578333
1,16,0.21052631578947367,0.372029022709734
1,16,0.2631578947368421,1.4712707736637698
1,16,0.3157894736842105,1.8581957438256387
1,16,0.3684210526315789,0.5336592159030882
1,16,0.42105263157894735,1.1613202565448553
1,16,0.47368421052631576,0.9973416485959794
1,16,0.5263157894736842,0.3266568610971915
1,16,0.5789473684210527,0.43760217369667465
1,16,0.631578947368421,1.0287645248965287
1,16,0.6842105263157895,0.7862961718090644
1,16,0.7368421052631579,0.52047728077054
1,16,0.7894736842105263,0.6679820817039539
1,16,0.8421052631578947,1.475173416419845
1,16,0.8947368421052632,2.933334010625965
1,16,0.9473684210526315,2.3440902286271346
1,16,1.0,1.7189781247022078
1,17,0.0,3.448792702294371
1,17,0.05263157894736842,1.7974588271295548
1,17,0.10526315789473684,1.2113864032463049
1,17,0.15789473684210525,1.824885590460705
1,17,0.21052631578947367,1.4407533102564516
1,17,0.2631578947368421,2.315663836612816
1,17,0.3157894736842105,1.3950446141823813
1,17,0.3684210526315789,2.4178399825276085
1,17,0.42105263157894735,0.8189267194212602
1,17,0.47368421052631576,0.025875695590811876
1,17,0.5263157894736842,0.9302014680910898
1,17,0.5789473684210527,0.5099016668565561
1,17,0.631578947368421,0.7102764271974538
1,17,0.6842105263157895,1.4559923867328504
1,17,0.7368421052631579,1.3426196218150577
1,17,0.7894736842105263,1.6867133349405832
1,17,0.8421052631578947,2.986458127097305
1,17,0.8947368421052632,0.23623292359230652
1,17,0.9473684210526315,1.2670141175787841
1,17,1.0,1.3943947466426356
1,18,0.0,1.802623334298542
1,18,0.05263157894736842,1.969793642169444
1,18,0.10526315789473684,3.214766359222845
1,18,0.15789473684210525,-0.13294762352469935
1,18,0.21052631578947367,1.485812408347823
1,18,0.2631578947368421,2.3179117493911714
1,18,0.3157894736842105,0.6989591738382771
1,18,0.3684210526315789,0.7687451719713346
1,18,0.42105263157894735,1.6911532318263451
1,18,0.47368421052631576,0.7887541195136236
1,18,0.5263157894736842,1.7674783498052076
1,18,0.5789473684210527,1.716536064405462
1,18,0.631578947368421,1.7395787954920845
1,18,0.6842105263157895,1.7822010591177073
1,18,0.7368421052631579,1.6773556439756585
1,18,0.7894736842105263,2.0239153970428747
1,18,0.8421052631578947,2.535230745799534
1,18,0.8947368421052632,1.6051483750850422
1,18,0.9473684210526315,1.4340810660827663
1,18,1.0,1.8364210995471917
1,19,0.0,2.418662757206572
1,19,0.05263157894736842,1.7581571692805884
1,19,0.10526315789473684,3.098616816551501
1,19,0.15789473684210525,1.1614939078334638
1,19,0.21052631578947367,1.8182725061693767
1,19,0.2631578947368421,0.25114663715016783
1,19,0.3157894736842105,1.2063088761785223
1,19,0.3684210526315789,1.8739623612845022
1,19,0.42105263157894735,2.205364798972746
1,19,0.47368421052631576,1.3549435323782304
1,19,0.5263157894736842,0.8955671300650674
1,19,0.5789473684210527,1.2022034773707149
1,19,0.631578947368421,2.1278490200363054
1,19,0.6842105263157895,1.0528301761798007
1,19,0.7368421052631579,0.8695773852054851
1,19,0.7894736842105263,0.6707693811441794
1,19,0.8421052631578947,1.7740384576195938
1,19,0.8947368421052632,1.8970592783487938
1,19,0.9473684210526315,1.8232406126692076
1,19,1.0,2.0799118876983838
1,20,0.0,2.306945891928991
1,20,0.05263157894736842,1.2524175847229684
1,20,0.10526315789473684,3.642194554974852
1,20,0.15789473684210525,-0.5396554798503077
1,20,0.21052631578947367,1.739451704404765
1,20,0.2631578947368421,0.07903166349493287
1,20,0.3157894736842105,1.0612804155821802
1,20,0.3684210526315789,1.2925796642775371
1,20,0.42105263157894735,0.7097034217522179
1,20,0.47368421052631576,1.658074461949555
1,20,0.5263157894736842,0.850293862771001
1,20,0.5789473684210527,1.3816123335973913
1,20,0.631578947368421,1.2128201816887096
1,20,0.6842105263157895,0.8489708203478865
1,20,0.7368421052631579,2.075772823495887
1,20,0.7894736842105263,1.132866679200647
1,20,0.8421052631578947,1.8303728882443084
1,20,0.8947368421052632,2.0626292269174913
1,20,0.9473684210526315,0.9701768098330777
1,20,1.0,2.3592299684067766
1,21,0.0,2.635430243057678
1,21,0.05263157894736842,1.1306706658170285
1,21,0.10526315789473684,1.4957613012961855
1,21,0.15789473684210525,0.8652123915186021
1,21,0.21052631578947367,1.4954493304754126
1,21,0.2631578947368421,1.0924293048159746
1,21,0.3157894736842105,0.8662717967100052
1,21,0.3684210526315789,0.6034852832502499
1,21,0.42105263157894735,1.088906015248219
1,21,0.47368421052631576,0.23920809623678696
1,21,0.5263157894736842,0.5465536634984866
1,21,0.5789473684210527,1.7569436430819894
1,21,0.631578947368421,0.9228170622509482
1,21,0.6842105263157895,0.8083806087295935
1,21,0.7368421052631579,1.2286642146016087
1,21,0.7894736842105263,1.2563039537402845
1,21,0.8421052631578947,1.9317579409113914
1,21,0.8947368421052632,1.491845163822873
1,21,0.9473684210526315,1.8064282181672495
1,21,1.0,1.8309520289746368
1,22,0.0,1.2769837030231568
1,22,0.05263157894736842,2.3407812494158255
1,22,0.10526315789473684,1.6108763735716516
1,22,0.15789473684210525,1.6421967847380683
1,22,0.21052631578947367,2.2834717262913404
1,22,0.2631578947368421,2.0864698902778307
1,22,0.3157894736842105,0.9482754830557759
1,22,0.3684210526315789,1.9651342568976462
1,22,0.42105263157894735,1.490872403780193
1,22,0.47368421052631576,1.9746230768985764
1,22,0.5263157894736842,1.8081185972426153
1,22,0.5789473684210527,0.1774618115413245
1,22,0.631578947368421,3.1598184905479454
1,22,0.6842105263157895,1.7548502745358199
1,22,0.7368421052631579,0.7681672208438249
1,22,0.7894736842105263,-0.038864603173467266
1,22,0.8421052631578947,1.0090087435872244
1,22,0.8947368421052632,1.5151349098746598
1,22,0.9473684210526315,1.5799242898337298
1,22,1.0,2.354028531990604
1,23,0.0,3.2683197087377445
1,23,0.05263157894736842,1.1644990376218278
1,23,0.10526315789473684,1.4334059629648317
1,23,0.15789473684210525,0.8824416078002797
1,23,0.21052631578947367,1.4390214782488464
1,23,0.2631578947368421,1.620553706546823
1,23,0.3157894736842105,1.0154058888312336
1,23,0.3684210526315789,1.0731397617973972
1,23,0.42105263157894735,2.2739297134332888
1,23,0.47368421052631576,1.3280298022520498
1,23,0.5263157894736842,0.7312571849765996
1,23,0.5789473684210527,1.1206750534557974
1,23,0.631578947368421,1.2429351948373173
1,23,0.6842105263157895,0.33373505326986763
1,23,0.7368421052631579,1.7129559578305293
1,23,0.7894736842105263,-0.2803189596883078
1,23,0.8421052631578947,1.5993941263400089
1,23,0.8947368421052632,0.5182174152831892
1,23,0.9473684210526315,1.519925702784838
1,23,1.0,2.507488356742325
1,24,0.0,0.7142320316487085
1,24,0.05263157894736842,1.8940286754487516
1,24,0.10526315789473684,1.4772356615941495
1,24,0.15789473684210525,2.2074074559468273
1,24,0.21052631578947367,2.760790350926589
1,24,0.2631578947368421,0.4794319087961475
1,24,0.3157894736842105,-0.962026474565596
1,24,0.3684210526315789,2.073521668927401
1,24,0.42105263157894735,1.8932431034405612
1,24,0.47368421052631576,-0.2558969266551765
1,24,0.5263157894736842,0.3612011962414141
1,24,0.5789473684210527,1.4909900824234588
1,24,0.631578947368421,1.3817288006357804
1,24,0.6842105263157895,1.2842834765838407
1,24,0.7368421052631579,1.002911993773293
1,24,0.7894736842105263,1.5154642733489818
1,24,0.8421052631578947,2.0633235200004756
1,24,0.8947368421052632,1.3153480034078524
1,24,0.9473684210526315,1.5683706871066256
1,24,1.0,2.622149379904402
1,25,0.0,2.004897381832626
1,25,0.05263157894736842,2.042027705630092
1,25,0.10526315789473684,2.1426315839246244
1,25,0.15789473684210525,1.7558733851090955
1,25,0.21052631578947367,1.075660011894941
1,25,0.2631578947368421,1.1200080675448119
1,25,0.3157894736842105,0.7260374200244953
1,25,0.3684210526315789,1.3558746488306108
1,25,0.42105263157894735,1.590299392883881
1,25,0.47368421052631576,1.4007899874073069
1,25,0.5263157894736842,2.2340761003159963
1,25,0.5789473684210527,0.25490177462422525
1,25,0.631578947368421,0.5289448171172738
1,25,0.6842105263157895,1.4588002296514224
1,25,0.7368421052631579,1.890924859283609
1,25,0.7894736842105263,-0.007200514382742662
1,25,0.8421052631578947,2.0404045277939824
1,25,0.8947368421052632,2.3750075141019122
1,25,0.9473684210526315,1.5018808287468475
1,25,1.0,1.9988581279264614
1,26,0.0,1.6105432726122155
1,26,0.05263157894736842,1.6440451102012255
1,26,0.10526315789473684,3.089140045098672
1,26,0.15789473684210525,0.10477947651765487
1,26,0.21052631578947367,1.860378643617684
1,26,0.2631578947368421,1.315824016746732
1,26,0.3157894736842105,1.8517016993153466
1,26,0.3684210526315789,0.8877308586223247
1,26,0.42105263157894735,1.0454454518896266
1,26,0.47368421052631576,0.5042636159461851
1,26,0.5263157894736842,0.7700113922175555
1,26,0.5789473684210527,1.4281013356068784
1,26,0.631578947368421,1.023720829290019
1,26,0.6842105263157895,0.4495006937071849
1,26,0.7368421052631579,1.1809396856909207
1,26,0.7894736842105263,2.0344484150150666
1,26,0.8421052631578947,1.4513118792996058
1,26,0.8947368421052632,1.8550495257890773
1,26,0.9473684210526315,1.4135525287054265
1,26,1.0,1.7202898374929725
1,27,0.0,1.78176481273661
1,27,0.05263157894736842,1.476121804708191
1,27,0.10526315789473684,1.7621597503935755
1,27,0.15789473684210525,1.2279540276168972
1,27,0.21052631578947367,1.9716668364637824
1,27,0.2631578947368421,0.4579897480582962
1,27,0.3157894736842105,1.256864481809318
1,27,0.3684210526315789,0.6075090783259516
1,27,0.42105263157894735,1.3586635195023857
1,27,0.47368421052631576,0.9057839132278921
1,27,0.5263157894736842,1.3277714867847266
1,27,0.5789473684210527,0.032099629544893926
1,27,0.631578947368421,2.52335073234243
1,27,0.6842105263157895,1.3419379091842742
1,27,0.7368421052631579,2.3981320297855917
1,27,0.7894736842105263,1.9680575278582302
1,27,0.8421052631578947,2.714471916161718
1,27,0.8947368421052632,2.1259443554285578
1,27,0.9473684210526315,1.6943180716460242
1,27,1.0,0.8756086887420156
1,28,0.0,1.5561053919189805
1,28,0.05263157894736842,2.836050836284326
1,28,0.10526315789473684,0.355243611189477
1,28,0.15789473684210525,1.032004228577431
1,28,0.21052631578947367,1.0193315060251753
1,28,0.2631578947368421,0.4564458079984051
1,28,0.3157894736842105,-0.13764108164915717
1,28,0.3684210526315789,1.10843129295398
1,28,0.42105263157894735,0.4457905381201238
1,28,0.47368421052631576,1.4511654039374133
1,28,0.5263157894736842,1.3475245653031926
1,28,0.5789473684210527,1.4563354408686489
1,28,0.631578947368421,1.273957631333904
1,28,0.6842105263157895,1.04978712717812
1,28,0.7368421052631579,2.5956690071969715
1,28,0.7894736842105263,1.2101243128504446
1,28,0.8421052631578947,2.3980959437761737
1,28,0.8947368421052632,1.3738527221688392
1,28,0.9473684210526315,1.7314303317889015
1,28,1.0,2.055432390895329
1,29,0.0,1.7325558977314093
1,29,0.05263157894736842,0.7207971547145013
1,29,0.10526315789473684,1.909775552146281
1,29,0.15789473684210525,1.7323515949715342
1,29,0.21052631578947367,2.128688567489603
1,29,0.2631578947368421,1.4263294229480898
1,29,0.3157894736842105,0.8177978127681587
1,29,0.3684210526315789,1.4755198689294882
1,29,0.42105263157894735,1.2422569078830263
1,29,0.47368421052631576,2.3985542123385053
1,29,0.5263157894736842,0.7240344522121621
1,29,0.5789473684210527,1.3863492779145314
1,29,0.631578947368421,2.283699163167996
1,29,0.6842105263157895,2.048564300227444
1,29,0.7368421052631579,0.578768723335271
1,29,0.7894736842105263,1.092868623919187
1,29,0.8421052631578947,2.4738028835013353
1,29,0.8947368421052632,2.0692546180855254
1,29,0.9473684210526315,1.4135032056464323
1,29,1.0,0.7060685419717806
1,30,0.0,2.9696058189995886
1,30,0.05263157894736842,1.73109599928178
1,30,0.10526315789473684,1.905796677516484
1,30,0.15789473684210525,0.19592183679329112
1,30,0.21052631578947367,2.1546198960115572
1,30,0.2631578947368421,2.217777977940937
1,30,0.3157894736842105,1.0655014093819204
1,30,0.3684210526315789,1.3723027902745282
1,30,0.42105263157894735,1.9893572814470861
1,30,0.47368421052631576,-0.10598795152220727
1,30,0.5263157894736842,1.3963094285606024
1,30,0.5789473684210527,2.0309760950119333
1,30,0.631578947368421,1.2327961841054291
1,30,0.6842105263157895,1.058271666261481
1,30,0.7368421052631579,1.005883368663469
1,30,0.7894736842105263,1.9967964015941904
1,30,0.8421052631578947,1.132311977860935
1,30,0.8947368421052632,0.9423506669674793
1,30,0.9473684210526315,1.757564429633947
1,30,1.0,1.73384575555565
1,31,0.0,3.6664976222764776
1,31,0.05263157894736842,1.8448706797241687
1,31,0.10526315789473684,1.7356570161232183
1,31,0.15789473684210525,2.1353740687493565
1,31,0.21052631578947367,2.308274572014462
1,31,0.2631578947368421,-0.1234085820526469
1,31,0.3157894736842105,0.5777505506820486
1,31,0.3684210526315789,0.8569783444431279
1,31,0.42105263157894735,1.105439552760441
1,31,0.47368421052631576,1.1999676557114298
1,31,0.5263157894736842,0.69787024098186
1,31,0.5789473684210527,0.3443144973443956
1,31,0.631578947368421,2.341496949485677
1,31,0.6842105263157895,0.14449713786461127
1,31,0.7368421052631579,2.643491437925808
1,31,0.7894736842105263,0.29787725154125433
1,31,0.8421052631578947,2.1282781653016603
1,31,0.8947368421052632,1.1889006259346764
1,31,0.9473684210526315,0.45827459191393727
1,31,1.0,2.7828627237072814
1,32,0.0,3.0503246067270937
1,32,0.05263157894736842,2.473121452372563
1,32,0.10526315789473684,1.9602138625744654
1,32,0.15789473684210525,0.5367234578840261
1,32,0.21052631578947367,0.5884483468075643
1,32,0.2631578947368421,0.5456995275354479
1,32,0.3157894736842105,0.650315157934504
1,32,0.3684210526315789,1.03488304308692
1,32,0.42105263157894735,0.9665526956913539
1,32,0.47368421052631576,0.7881603415878271
1,32,0.5263157894736842,0.6825001994172782
1,32,0.5789473684210527,1.097105179898469
1,32,0.631578947368421,1.5007499743230668
1,32,0.6842105263157895,0.5025722081124464
1,32,0.7368421052631579,2.054098371217471
1,32,0.7894736842105263,1.3370881925952258
1,32,0.8421052631578947,0.614102897010944
1,32,0.8947368421052632,1.5303541422704388
1,32,0.9473684210526315,2.399986152424722
1,32,1.0,2.448538566892093
1,33,0.0,2.0674223444441
1,33,0.05263157894736842,2.634143531432924
1,33,0.10526315789473684,0.8452680335587308
1,33,0.15789473684210525,1.9465636869229395
1,33,0.21052631578947367,1.8831335364689032
1,33,0.2631578947368421,1.8855550714125813
1,33,0.3157894736842105,0.6332863912914138
1,33,0.3684210526315789,0.6702004832951131
1,33,0.42105263157894735,0.689132735646471
1,33,0.47368421052631576,-0.38479062323006974
1,33,0.5263157894736842,0.20577798107179354
1,33,0.5789473684210527,-0.2649842787816383
1,33,0.631578947368421,0.8157707334076512
1,33,0.6842105263157895,1.2535072443656161
1,33,0.7368421052631579,-0.08398032531926725
1,33,0.7894736842105263,0.30943251839292313
1,33,0.8421052631578947,0.49108601613098934
1,33,0.8947368421052632,1.2681831117340563
1,33,0.9473684210526315,1.0230515449075863
1,33,1.0,1.3826765004573376
1,34,0.0,2.5777452386937822
1,34,0.05263157894736842,1.75943981143477
1,34,0.10526315789473684,0.9242742278205959
1,34,0.15789473684210525,1.8622221381144004
1,34,0.21052631578947367,0.4788911894875417
1,34,0.2631578947368421,1.6928795426254912
1,34,0.3157894736842105,0.8479055924997685
1,34,0.3684210526315789,1.1004978223805608
1,34,0.42105263157894735,0.7738908980726739
1,34,0.47368421052631576,0.6678175108545739
1,34,0.5263157894736842,1.3466446362615319
1,34,0.5789473684210527,1.3611312916707865
1,34,0.631578947368421,1.2040551162678463
1,34,0.6842105263157895,1.371508234843399
1,34,0.7368421052631579,1.470976143630409
1,34,0.7894736842105263,0.6553277714859865
1,34,0.8421052631578947,0.7936827537459588
1,34,0.8947368421052632,1.734433598868064
1,34,0.9473684210526315,2.0989902199836226
1,34,1.0,1.7246230007541261
1,35,0.0,0.9772545649570447
1,35,0.05263157894736842,1.9657951241692506
1,35,0.10526315789473684,2.2816707496263886
1,35,0.15789473684210525,1.0423091764367922
1,35,0.21052631578947367,1.3782280656075372
1,35,0.2631578947368421,1.3768280129034198
1,35,0.3157894736842105,2.3116478663459534
1,35,0.3684210526315789,1.5840066978424479
1,35,0.42105263157894735,0.7602372662858696
1,35,0.47368421052631576,0.8851132998564242
1,35,0.5263157894736842,1.2680632090538067
1,35,0.5789473684210527,0.0797003477883505
1,35,0.631578947368421,0.5705445055021763
1,35,0.6842105263157895,1.8687361315960138
1,35,0.7368421052631579,2.8450020165951884
1,35,0.7894736842105263,-0.6674085306202029
1,35,0.8421052631578947,1.7638695184431086
1,35,0.8947368421052632,2.2071846158253114
1,35,0.9473684210526315,1.2095710210785615
1,35,1.0,2.160838141933561
1,36,0.0,1.8463775476857398
1,36,0.05263157894736842,1.86419113742178
1,36,0.10526315789473684,0.8594921674354734
1,36,0.15789473684210525,2.298192840231374
1,36,0.21052631578947367,1.148505351922232
1,36,0.2631578947368421,1.5942384397994607
1,36,0.3157894736842105,2.6748334411606765
1,36,0.3684210526315789,1.261210088738232
1,36,0.42105263157894735,0.3455288133794256
1,36,0.47368421052631576,2.11454535074011
1,36,0.5263157894736842,1.1488448479248552
1,36,0.5789473684210527,0.42836885615036885
1,36,0.631578947368421,1.9384674665910573
1,36,0.6842105263157895,1.8774185738996916
1,36,0.7368421052631579,1.3180538020275643
1,36,0.7894736842105263,0.9417024967947109
1,36,0.8421052631578947,2.3512247589860333
1,36,0.8947368421052632,2.442652459714288
1,36,0.9473684210526315,2.167225518747081
1,36,1.0,1.8591476516637973
1,37,0.0,2.106174013655718
1,37,0.05263157894736842,1.6321745839778297
1,37,0.10526315789473684,1.6195270149318475
1,37,0.15789473684210525,0.22596066619519878
1,37,0.21052631578947367,1.4803445517026264
1,37,0.2631578947368421,0.04739818265574036
1,37,0.3157894736842105,0.7893866511704961
1,37,0.3684210526315789,1.2378190819452435
1,37,0.42105263157894735,1.1823548769902277
1,37,0.47368421052631576,0.79187729520469
1,37,0.5263157894736842,1.1783872166333045
1,37,0.5789473684210527,0.052442949660901406
1,37,0.631578947368421,0.66307567453107
1,37,0.6842105263157895,0.9024977769614178
1,37,0.7368421052631579,0.7754850965853521
1,37,0.7894736842105263,1.5234793082834703
1,37,0.8421052631578947,0.9272664363911205
1,37,0.8947368421052632,1.1123139138643514
1,37,0.9473684210526315,1.6821639713531804
1,37,1.0,2.0785960246149133
1,38,0.0,1.7843352646429165
1,38,0.05263157894736842,1.6598252920568182
1,38,0.10526315789473684,1.831038675163599
1,38,0.15789473684210525,1.717314024704895
1,38,0.21052631578947367,0.7002623177997265
1,38,0.2631578947368421,0.16765033255039213
1,38,0.3157894736842105,1.9592667300783366
1,38,0.3684210526315789,0.3950338000290585
1,38,0.42105263157894735,1.0200315719852662
1,38,0.47368421052631576,1.3362553809207112
1,38,0.5263157894736842,-0.6853751137615312
1,38,0.5789473684210527,1.4104570990523186
1,38,0.631578947368421,0.583524974804127
1,38,0.6842105263157895,0.7339212269382095
1,38,0.7368421052631579,1.2152414091580104
1,38,0.7894736842105263,0.24569303005190102
1,38,0.8421052631578947,1.539230438391288
1,38,0.8947368421052632,1.8798428967519112
1,38,0.9473684210526315,3.2725584544509267
1,38,1.0,2.727653496285831
1,39,0.0,1.2055766398889034
1,39,0.05263157894736842,2.342847460578086
1,39,0.10526315789473684,2.482639360599548
1,39,0.15789473684210525,0.7428051834755047
1,39,0.21052631578947367,2.2723804330489252
1,39,0.2631578947368421,2.4721861549321082
1,39,0.3157894736842105,0.12417193319770412
1,39,0.3684210526315789,1.8752603077936048
1,39,0.42105263157894735,0.41194481732634614
1,39,0.47368421052631576,0.5955624638220715
1,39,0.5263157894736842,2.2441635002154436
1,39,0.5789473684210527,1.1458236656747656
1,39,0.631578947368421,0.5803363276214156
1,39,0.6842105263157895,-0.39559467500183354
1,39,0.7368421052631579,0.38909406665907736
1,39,0.7894736842105263,0.35926848206546647
1,39,0.8421052631578947,1.7264278480468207
1,39,0.8947368421052632,0.1956571686665119
1,39,0.9473684210526315,1.5969712184347513
1,39,1.0,2.5790074664348595
1,40,0.0,1.8645480265896257
1,40,0.05263157894736842,1.4457867445258927
1,40,0.10526315789473684,0.9227446887617896
1,40,0.15789473684210525,2.951120557383265
1,40,0.21052631578947367,1.849532154351407
1,40,0.2631578947368421,-0.9589095354702445
1,40,0.3157894736842105,1.6043637647161721
1,40,0.3684210526315789,0.9491376597954742
1,40,0.42105263157894735,0.6102623652593894
1,40,0.47368421052631576,2.362106318057455
1,40,0.5263157894736842,0.5639161323964894
1,40,0.5789473684210527,1.8188937218796375
1,40,0.631578947368421,1.4871500138021565
1,40,0.6842105263157895,1.5616746405082353
1,40,0.7368421052631579,0.3701214668486056
1,40,0.7894736842105263,1.3906635731735708
1,40,0.8421052631578947,1.9725127430368874
1,40,0.8947368421052632,2.490910276426333
1,40,0.9473684210526315,1.8178492280274479
1,40,1.0,2.5928192290867003
1,41,0.0,1.7653997399170505
1,41,0.05263157894736842,1.6088523055937791
1,41,0.10526315789473684,2.098734870616782
1,41,0.15789473684210525,1.7158964544055788
1,41,0.21052631578947367,1.910139423977013
1,41,0.2631578947368421,2.659078776218421
1,41,0.3157894736842105,1.0405863896686836
1,41,0.3684210526315789,2.081484241090335
1,41,0.42105263157894735,2.869340275745223
1,41,0.47368421052631576,0.521555014824828
1,41,0.5263157894736842,0.5656546890724852
1,41,0.5789473684210527,1.7127088768617436
1,41,0.631578947368421,1.4434520320000712
1,41,0.6842105263157895,0.31317623024976515
1,41,0.7368421052631579,2.239439023874207
1,41,0.7894736842105263,1.914995535998249
1,41,0.8421052631578947,2.224412376210392
1,41,0.8947368421052632,2.230776265720542
1,41,0.9473684210526315,1.1189621688902989
1,41,1.0,2.083950121489533
1,42,0.0,1.4681411714154153
1,42,0.05263157894736842,2.8314592247478374
1,42,0.10526315789473684,1.6501015256947504
1,42,0.15789473684210525,1.1738690978694866
1,42,0.21052631578947367,0.7997919729662664
1,42,0.2631578947368421,2.2236467765238435
1,42,0.3157894736842105,-0.7847553500146465
1,42,0.3684210526315789,-0.5072970217667725
1,42,0.42105263157894735,0.8639535284878634
1,42,0.47368421052631576,1.3241881136197615
1,42,0.5263157894736842,1.5794210942949478
1,42,0.5789473684210527,1.952709668939571
1,42,0.631578947368421,1.8222873369127226
1,42,0.6842105263157895,1.8054125063544937
1,42,0.7368421052631579,1.0730418456732018
1,42,0.7894736842105263,1.6849716477979488
1,42,0.8421052631578947,1.7516137111841286
1,42,0.8947368421052632,1.5789922165748256
1,42,0.9473684210526315,2.4957265378901914
1,42,1.0,2.995589335375514
1,43,0.0,0.7062420980020301
1,43,0.05263157894736842,1.3413261111995547
1,43,0.10526315789473684,1.556127835451319
1,43,0.15789473684210525,1.1224070793670222
1,43,0.21052631578947367,1.7299302059126824
1,43,0.2631578947368421,1.0903534730343132
1,43,0.3157894736842105,0.8052696647851185
1,43,0.3684210526315789,0.061546431677065916
1,43,0.42105263157894735,0.34490687675346093
1,43,0.47368421052631576,0.2199347696553944
1,43,0.5263157894736842,0.6849609021670964
1,43,0.5789473684210527,1.2178929937820664
1,43,0.631578947368421,0.45009913585294853
1,43,0.6842105263157895,2.2209115158339445
1,43,0.7368421052631579,1.2775851280248693
1,43,0.7894736842105263,0.5888375927885183
1,43,0.8421052631578947,1.0968628722516711
1,43,0.8947368421052632,1.842049278953841
1,43,0.9473684210526315,0.5433735059206851
1,43,1.0,2.8831833496230277
1,44,0.0,0.7219104197296184
1,44,0.05263157894736842,1.8733575709525425
1,44,0.10526315789473684,2.060333074187974
1,44,0.15789473684210525,1.9317498091241756
1,44,0.21052631578947367,1.7237832598323453
1,44,0.2631578947368421,0.3824758431403174
1,44,0.3157894736842105,0.7130832440423831
1,44,0.3684210526315789,0.9674105247902628
1,44,0.42105263157894735,1.4033961662162615
1,44,0.47368421052631576,-0.11772661968838627
1,44,0.5263157894736842,0.6188693316200007
1,44,0.5789473684210527,2.2865651501932343
1,44,0.631578947368421,0.5138563388510379
1,44,0.6842105263157895,1.6747930184946787
1,44,0.7368421052631579,2.415592123865427
1,44,0.7894736842105263,0.905888365957453
1,44,0.8421052631578947,0.6067077465387851
1,44,0.8947368421052632,2.313684740758334
1,44,0.9473684210526315,0.647227658778516
1,44,1.0,2.136621931878344
1,45,0.0,2.2234660814191836
1,45,0.05263157894736842,2.331552978038555
1,45,0.10526315789473684,1.5207184105643758
1,45,0.15789473684210525,0.7434681224661535
1,45,0.21052631578947367,1.7954901235974405
1,45,0.2631578947368421,1.3952267888469705
1,45,0.3157894736842105,1.1508645539526992
1,45,0.3684210526315789,0.88579986870831
1,45,0.42105263157894735,0.48097735459905716
1,45,0.47368421052631576,0.6915791313386206
1,45,0.5263157894736842,1.2130189148174513
1,45,0.5789473684210527,1.1388662489214874
1,45,0.631578947368421,-0.41257857999694514
1,45,0.6842105263157895,-0.061252519657528905
1,45,0.7368421052631579,2.934508788026281
1,45,0.7894736842105263,1.466677062498529
1,45,0.8421052631578947,1.2500179547964447
1,45,0.8947368421052632,0.9991510061960276
1,45,0.9473684210526315,1.456609110930922
1,45,1.0,1.0569996489775553
1,46,0.0,1.5109256805676339
1,46,0.05263157894736842,2.276458434518589
1,46,0.10526315789473684,1.8014243278696107
1,46,0.15789473684210525,2.3326531863715934
1,46,0.21052631578947367,1.2531462917364127
1,46,0.2631578947368421,1.1446207215296795
1,46,0.3157894736842105,1.4252866797021835
1,46,0.3684210526315789,1.6083995088935876
1,46,0.42105263157894735,2.29373662948718
1,46,0.47368421052631576,0.9090172508960428
1,46,0.5263157894736842,1.186800749675641
1,46,0.5789473684210527,1.0371021142187604
1,46,0.631578947368421,1.1305938931494153
1,46,0.6842105263157895,0.3333100489002349
1,46,0.7368421052631579,-0.11768358633535521
1,46,0.7894736842105263,2.2801478662348753
1,46,0.8421052631578947,1.2503271747318263
1,46,0.8947368421052632,3.6492589765693015
1,46,0.9473684210526315,0.8015621647947179
1,46,1.0,2.882457772109362
1,47,0.0,2.514515905156193
1,47,0.05263157894736842,2.846978098921821
1,47,0.10526315789473684,2.209371120995618
1,47,0.15789473684210525,0.5537512068602666
1,47,0.21052631578947367,0.7607263577568651
1,47,0.2631578947368421,0.8519373156260255
1,47,0.3157894736842105,0.4705158317143915
1,47,0.3684210526315789,1.5943825622531302
1,47,0.42105263157894735,1.3409335526632207
1,47,0.47368421052631576,1.01264436129328
1,47,0.5263157894736842,1.9612364155282938
1,47,0.5789473684210527,1.892000187360217
1,47,0.631578947368421,0.5522258021737653
1,47,0.6842105263157895,0.55108831382844
1,47,0.7368421052631579,1.3482200201349774
1,47,0.7894736842105263,1.63222546503215
1,47,0.8421052631578947,2.5999411119639553
1,47,0.8947368421052632,1.9124777727522215
1,47,0.9473684210526315,2.3008772493597576
1,47,1.0,3.1043164977385667
1,48,0.0,2.611115459502224
1,48,0.05263157894736842,0.9795960416343044
1,48,0.10526315789473684,1.1065698843662115
1,48,0.15789473684210525,1.785322162823831
1,48,0.21052631578947367,1.4129284313584345
1,48,0.2631578947368421,1.272620123565611
1,48,0.3157894736842105,1.501286238339269
1,48,0.3684210526315789,2.407957216831748
1,48,0.42105263157894735,0.6021471510865232
1,48,0.47368421052631576,1.77556162522935
1,48,0.5263157894736842,1.1419431544572398
1,48,0.5789473684210527,1.3038996321317624
1,48,0.631578947368421,0.8617305413332846
1,48,0.6842105263157895,1.9851363706965512
1,48,0.7368421052631579,0.9057121840268009
1,48,0.7894736842105263,1.1456556425418047
1,48,0.8421052631578947,2.0335307130667255
1,48,0.8947368421052632,2.03236813626269
1,48,0.9473684210526315,1.6459697290197666
1,48,1.0,2.7477564022143612
1,49,0.0,1.8552458722309852
1,49,0.05263157894736842,2.4353945106719164
1,49,0.10526315789473684,1.192806548850056
1,49,0.15789473684210525,1.4826053628850868
1,49,0.21052631578947367,0.6221868684532543
1,49,0.2631578947368421,1.6570373073495255
1,49,0.3157894736842105,1.6471778100805727
1,49,0.3684210526315789,1.3420801954497092
1,49,0.42105263157894735,2.1131110071997194
1,49,0.47368421052631576,1.8556214399301147
1,49,0.5263157894736842,1.6604459123178605
1,49,0.5789473684210527,0.4033985405189344
1,49,0.631578947368421,1.5364430832247724
1,49,0.6842105263157895,0.9891630860440547
1,49,0.7368421052631579,-0.041861138332772496
1,49,0.7894736842105263,0.6843233078542066
1,49,0.8421052631578947,0.8044730501758197
1,49,0.8947368421052632,2.0101349682915446
1,49,0.9473684210526315,1.611510046647382
1,49,1.0,1.748525704295176
1,50,0.0,1.8728651425998937
1,50,0.05263157894736842,1.317123373803265
1,50,0.10526315789473684,1.7630907449241346
1,50,0.15789473684210525,0.41574886615341966
1,50,0.21052631578947367,0.5602828698617206
1,50,0.2631578947368421,1.2454003552838078
1,50,0.3157894736842105,0.011043126185772353
1,50,0.3684210526315789,2.118276176700322
1,50,0.42105263157894735,1.5851747458734584
1,50,0.47368421052631576,0.5366562580330063
1,50,0.5263157894736842,0.30251422595718414
1,50,0.5789473684210527,1.2914243919523465
1,50,0.631578947368421,0.8103612732239465
1,50,0.6842105263157895,1.9527731115694509
1,50,0.7368421052631579,0.8164235476596959
1,50,0.7894736842105263,2.670386558253756
1,50,0.8421052631578947,0.9571051233306864
1,50,0.8947368421052632,2.4261397819006065
1,50,0.9473684210526315,1.634743028749857
1,50,1.0,0.9264911349620031
2,51,0.0,1.1826018786222992
2,51,0.05263157894736842,1.031844480206813
2,51,0.10526315789473684,0.8216061975256145
2,51,0.15789473684210525,2.1978412623110297
2,51,0.21052631578947367,2.854236746432553
2,51,0.2631578947368421,1.4739114433292904
2,51,0.3157894736842105,2.4464080113357682
2,51,0.3684210526315789,1.3331220480997452
2,51,0.42105263157894735,1.6227018141240561
2,51,0.47368421052631576,0.5176092303170565
2,51,0.5263157894736842,1.7975861060774296
2,51,0.5789473684210527,0.25638395593139185
2,51,0.631578947368421,0.24317011595500237
2,51,0.6842105263157895,2.1321607306044568
2,51,0.7368421052631579,2.728254712087022
2,51,0.7894736842105263,2.109194060185967
2,51,0.8421052631578947,0.7922510906558526
2,51,0.8947368421052632,0.2649353574440314
2,51,0.9473684210526315,-0.3102886912828029
2,51,1.0,-0.22192849644958715
2,52,0.0,-0.0005577230987148449
2,52,0.05263157894736842,0.34849646555099706
2,52,0.10526315789473684,0.5799924349845397
2,52,0.15789473684210525,3.340818755054569
2,52,0.21052631578947367,1.4861111481650289
2,52,0.2631578947368421,3.2242733499579774
2,52,0.3157894736842105,2.109783012449501
2,52,0.3684210526315789,3.275434453758335
2,52,0.42105263157894735,1.3154392672102162
2,52,0.47368421052631576,1.3611217933670907
2,52,0.5263157894736842,-0.014044122789325209
2,52,0.5789473684210527,0.6739247274456899
2,52,0.631578947368421,1.028319346946163
2,52,0.6842105263157895,0.5727849318441611
2,52,0.7368421052631579,3.208837668017867
2,52,0.7894736842105263,1.0357976967827258
2,52,0.8421052631578947,1.047423531666036
2,52,0.8947368421052632,1.5506533144663353
2,52,0.9473684210526315,0.8832437980774605
2,52,1.0,-0.4614547633320024
2,53,0.0,1.0261488897805406
2,53,0.05263157894736842,-0.3366474981062509
2,53,0.10526315789473684,0.9919097068659911
2,53,0.15789473684210525,2.0211795728231596
2,53,0.21052631578947367,1.7253643992394656
2,53,0.2631578947368421,2.3800717995362874
2,53,0.3157894736842105,1.536069046871664
2,53,0.3684210526315789,0.6428386927919001
2,53,0.42105263157894735,0.374608194160093
2,53,0.47368421052631576,1.6791372097671393
2,53,0.5263157894736842,0.3513727664301032
2,53,0.5789473684210527,1.3685361500585345
2,53,0.631578947368421,1.1593657988947639
2,53,0.6842105263157895,2.218703309411398
2,53,0.7368421052631579,1.2976194754355757
2,53,0.7894736842105263,1.894044879436346
2,53,0.8421052631578947,0.8928521445022203
2,53,0.8947368421052632,0.029240793982736435
2,53,0.9473684210526315,-0.4118145473939148
2,53,1.0,0.7266737185056608
2,54,0.0,1.3355612019284988
2,54,0.05263157894736842,0.9551642659667564
2,54,0.10526315789473684,1.543587122716794
2,54,0.15789473684210525,1.8182480421233735
2,54,0.21052631578947367,2.56983213249813
2,54,0.2631578947368421,2.3424824557858472
2,54,0.3157894736842105,2.783407791999299
2,54,0.3684210526315789,-0.0037661524567066396
2,54,0.42105263157894735,2.0184943968393387
2,54,0.47368421052631576,0.46068454262285047
2,54,0.5263157894736842,-0.33654057601379106
2,54,0.5789473684210527,-1.1461052477179068
2,54,0.631578947368421,0.9335554301454609
2,54,0.6842105263157895,0.3053385694295879
2,54,0.7368421052631579,3.076692486603808
2,54,0.7894736842105263,0.12505364983272543
2,54,0.8421052631578947,1.3748757930262094
2,54,0.8947368421052632,0.7822497229646885
2,54,0.9473684210526315,0.4800261823451298
2,54,1.0,-0.30670224296561666
2,55,0.0,-0.2450879878390645
2,55,0.05263157894736842,1.4351781334876574
2,55,0.10526315789473684,0.7514538358068273
2,55,0.15789473684210525,2.571655909219423
2,55,0.21052631578947367,1.7579256297349128
2,55,0.2631578947368421,2.193140341978468
2,55,0.3157894736842105,0.7450595310837941
2,55,0.3684210526315789,1.0672918461641707
2,55,0.42105263157894735,0.7045354694070386
2,55,0.47368421052631576,0.7223474022050912
2,55,0.5263157894736842,-0.43058126281621933
2,55,0.5789473684210527,0.40683156399883086
2,55,0.631578947368421,1.952372323908099
2,55,0.6842105263157895,2.192888725732424
2,55,0.7368421052631579,2.232490793001576
2,55,0.7894736842105263,1.627312288274767
2,55,0.8421052631578947,1.5613607839143153
2,55,0.8947368421052632,1.4378672686434983
2,55,0.9473684210526315,0.4191231991793388
2,55,1.0,-0.710699905863612
2,56,0.0,0.9266153580320378
2,56,0.05263157894736842,1.700887833535638
2,56,0.10526315789473684,1.345269058944613
2,56,0.15789473684210525,1.2561646220640188
2,56,0.21052631578947367,-0.12372135786717398
2,56,0.2631578947368421,2.772443274551981
2,56,0.3157894736842105,1.6662136158141099
2,56,0.3684210526315789,2.452741165570497
2,56,0.42105263157894735,0.9192436782150762
2,56,0.47368421052631576,2.0028934760314905
2,56,0.5263157894736842,0.4070999703603602
2,56,0.5789473684210527,0.38462745325396064
2,56,0.631578947368421,1.6984710878510252
2,56,0.6842105263157895,0.9509120331627489
2,56,0.7368421052631579,2.8871779121200705
2,56,0.7894736842105263,1.078218306939865
2,56,0.8421052631578947,1.1904862916046832
2,56,0.8947368421052632,1.1271448353121334
2,56,0.9473684210526315,0.2572680377728451
2,56,1.0,0.8090626782676227
2,57,0.0,0.542200653961438
2,57,0.05263157894736842,1.3714980261594945
2,57,0.10526315789473684,1.0802535955460393
2,57,0.15789473684210525,2.2705251149503085
2,57,0.21052631578947367,2.400506475590073
2,57,0.2631578947368421,2.4409936196687236
2,57,0.3157894736842105,2.1766662162870176
2,57,0.3684210526315789,1.6588735987423253
2,57,0.42105263157894735,1.2024497640436742
2,57,0.47368421052631576,0.9671450535974581
2,57,0.5263157894736842,0.19639259736475473
2,57,0.5789473684210527,2.4433286094512594
2,57,0.631578947368421,2.9191351178707468
2,57,0.6842105263157895,1.163323017607901
2,57,0.7368421052631579,1.664436862261405
2,57,0.7894736842105263,1.2736847509845715
2,57,0.8421052631578947,1.4897382960095569
2,57,0.8947368421052632,0.13384429673644377
2,57,0.9473684210526315,-0.7670308771508264
2,57,1.0,0.2762810782867526
2,58,0.0,1.2345158049168543
2,58,0.05263157894736842,0.6587441775074651
2,58,0.10526315789473684,1.3021145789586968
2,58,0.15789473684210525,1.2793810785661701
2,58,0.21052631578947367,1.9684072465689835
2,58,0.2631578947368421,2.754355304533896
2,58,0.3157894736842105,2.6499216549884537
2,58,0.3684210526315789,1.1287993195806605
2,58,0.42105263157894735,0.28926881950106004
2,58,0.47368421052631576,0.3997553941511175
2,58,0.5263157894736842,1.1012797846776734
2,58,0.5789473684210527,0.4975270761914296
2,58,0.631578947368421,1.4311347385273174
2,58,0.6842105263157895,0.5719864291260827
2,58,0.7368421052631579,1.5838010021180426
2,58,0.7894736842105263,2.4785238315096687
2,58,0.8421052631578947,1.6455855550351097
2,58,0.8947368421052632,0.6408814401982595
2,58,0.9473684210526315,-0.6990633741700403
2,58,1.0,0.8371557318454892
2,59,0.0,0.8320747764274509
2,59,0.05263157894736842,1.0237648833203299
2,59,0.10526315789473684,0.916921206657707
2,59,0.15789473684210525,0.6958659364337021
2,59,0.21052631578947367,0.7390302283856436
2,59,0.2631578947368421,3.2109696309286204
2,59,0.3157894736842105,3.5205655865900094
2,59,0.3684210526315789,2.496517091954091
2,59,0.42105263157894735,1.021364611467009
2,59,0.47368421052631576,0.06796601663627322
2,59,0.5263157894736842,0.6132208705841177
2,59,0.5789473684210527,0.3842052244405581
2,59,0.631578947368421,1.4051125718738713
2,59,0.6842105263157895,0.23578431027535718
2,59,0.7368421052631579,1.5924321475055192
2,59,0.7894736842105263,2.1954497535411974
2,59,0.8421052631578947,2.0166796346721276
2,59,0.8947368421052632,0.9091317110894486
2,59,0.9473684210526315,0.492745365678672
2,59,1.0,-0.5478328463734771
2,60,0.0,0.9094293092372157
2,60,0.05263157894736842,0.9024359237255932
2,60,0.10526315789473684,1.2584901433095137
2,60,0.15789473684210525,3.4133964072072436
2,60,0.21052631578947367,2.7580668206180796
2,60,0.2631578947368421,2.8206602653113464
2,60,0.3157894736842105,3.0496334199216673
2,60,0.3684210526315789,0.6790076528630148
2,60,0.42105263157894735,1.566056915692592
2,60,0.47368421052631576,0.012584820125563745
2,60,0.5263157894736842,0.5580574633783271
2,60,0.5789473684210527,-0.23796417838595274
2,60,0.631578947368421,1.7862326060226685
2,60,0.6842105263157895,1.2751656312988247
2,60,0.7368421052631579,2.855283547510743
2,60,0.7894736842105263,2.018706993941379
2,60,0.8421052631578947,0.8525356622369871
2,60,0.8947368421052632,2.090770282696296
2,60,0.9473684210526315,-0.03437571131218278
2,60,1.0,0.24947027867490024
2,61,0.0,0.67414890179171
2,61,0.05263157894736842,1.2744171772063873
2,61,0.10526315789473684,1.7832399171657085
2,61,0.15789473684210525,2.8499018023915585
2,61,0.21052631578947367,2.5714399323381594
2,61,0.2631578947368421,2.1470035152347107
2,61,0.3157894736842105,3.2348719280234173
2,61,0.3684210526315789,1.2723042942523994
2,61,0.42105263157894735,0.331444256700219
2,61,0.47368421052631576,1.4080603584577815
2,61,0.5263157894736842,-0.0351842341094078
2,61,0.5789473684210527,1.5773313704997678
2,61,0.631578947368421,1.4960452607339914
2,61,0.6842105263157895,1.4271246968976736
2,61,0.7368421052631579,1.5365186498076355
2,61,0.7894736842105263,3.175673649071655
2,61,0.8421052631578947,1.2497321817979332
2,61,0.8947368421052632,1.3000324187040806
2,61,0.9473684210526315,-0.020491848640841387
2,61,1.0,0.7936183242475213
2,62,0.0,0.9789721435508545
2,62,0.05263157894736842,1.2865125213201567
2,62,0.10526315789473684,0.4667965575619204
2,62,0.15789473684210525,1.8445490638594095
2,62,0.21052631578947367,2.5533498013549742
2,62,0.2631578947368421,2.446428463044586
2,62,0.3157894736842105,3.894777166037756
2,62,0.3684210526315789,1.0820726334813733
2,62,0.42105263157894735,0.6793141604263557
2,62,0.47368421052631576,0.1523056075018128
2,62,0.5263157894736842,-0.31106114582839806
2,62,0.5789473684210527,0.5118167104222966
2,62,0.631578947368421,1.0406695884990358
2,62,0.6842105263157895,1.7721332511879713
2,62,0.7368421052631579,2.91395325594568
2,62,0.7894736842105263,0.29783861961495356
2,62,0.8421052631578947,0.5097927153594239
2,62,0.8947368421052632,0.8034394920605447
2,62,0.9473684210526315,0.9643486080426736
2,62,1.0,-0.4745415560307566
2,63,0.0,0.878867326881551
2,63,0.05263157894736842,2.2808183568864764
2,63,0.10526315789473684,1.482030055546102
2,63,0.15789473684210525,1.1879483365123136
2,63,0.21052631578947367,2.5556144402152796
2,63,0.2631578947368421,2.2502303989455403
2,63,0.3157894736842105,2.379382430145772
2,63,0.3684210526315789,2.5179123908722163
2,63,0.42105263157894735,0.6392673738627054
2,63,0.47368421052631576,1.7293894316807445
2,63,0.5263157894736842,-0.3454588925914941
2,63,0.5789473684210527,-0.5266815745639775
2,63,0.631578947368421,1.0925874707951941
2,63,0.6842105263157895,1.9398854473788978
2,63,0.7368421052631579,2.4022588027134004
2,63,0.7894736842105263,1.8561720112430797
2,63,0.8421052631578947,1.6451882443137071
2,63,0.8947368421052632,0.7719417827031503
2,63,0.9473684210526315,0.7611569001998804
2,63,1.0,0.7212490211710778
2,64,0.0,0.7282709172033504
2,64,0.05263157894736842,0.7201924423005162
2,64,0.10526315789473684,2.5813424294339864
2,64,0.15789473684210525,2.1179787278867317
2,64,0.21052631578947367,2.531547939920359
2,64,0.2631578947368421,1.2655853554829444
2,64,0.3157894736842105,2.2508116608169235
2,64,0.3684210526315789,3.01118889841211
2,64,0.42105263157894735,1.5698459046348539
2,64,0.47368421052631576,0.4841848435134447
2,64,0.5263157894736842,-0.06777685368453429
2,64,0.5789473684210527,-0.4160212528575224
2,64,0.631578947368421,0.47715634350762787
2,64,0.6842105263157895,1.3348365384991216
2,64,0.7368421052631579,2.125069926017571
2,64,0.7894736842105263,2.387348702096589
2,64,0.8421052631578947,1.1708726907284812
2,64,0.8947368421052632,0.5946788674188518
2,64,0.9473684210526315,0.48909227367040115
2,64,1.0,0.07175305822852623
2,65,0.0,0.14382038289703009
2,65,0.05263157894736842,0.8304286542778497
2,65,0.10526315789473684,1.2992646971348354
2,65,0.15789473684210525,1.2968395419059326
2,65,0.21052631578947367,3.7156530852047607
2,65,0.2631578947368421,3.1656108411016404
2,65,0.3157894736842105,2.123753659914927
2,65,0.3684210526315789,1.6707052505765119
2,65,0.42105263157894735,0.47997450502240485
2,65,0.47368421052631576,1.5796860646526194
2,65,0.5263157894736842,-0.17873745337428015
2,65,0.5789473684210527,0.5319051869091548
2,65,0.631578947368421,0.2610578544181095
2,65,0.6842105263157895,2.25315912456634
2,65,0.7368421052631579,2.8156519248395306
2,65,0.7894736842105263,1.5781840488216403
2,65,0.8421052631578947,1.0172068531695164
2,65,0.8947368421052632,-0.2584747208895684
2,65,0.9473684210526315,0.13618805841989845
2,65,1.0,0.3719192035401105
2,66,0.0,0.571103275526208
2,66,0.05263157894736842,1.9004581411671833
2,66,0.10526315789473684,2.4824931439247258
2,66,0.15789473684210525,3.0235830433181334
2,66,0.21052631578947367,1.7007081595570277
2,66,0.2631578947368421,3.286484220707327
2,66,0.3157894736842105,2.7936793480611932
2,66,0.3684210526315789,2.0971006323193566
2,66,0.42105263157894735,-0.36328292002755447
2,66,0.47368421052631576,-0.3005484955162678
2,66,0.5263157894736842,0.2446393347450424
2,66,0.5789473684210527,0.7783054711120629
2,66,0.631578947368421,1.907976242706252
2,66,0.6842105263157895,1.7152075178675752
2,66,0.7368421052631579,2.027309597522603
2,66,0.7894736842105263,2.4040024034435
2,66,0.8421052631578947,0.5846379468804852
2,66,0.8947368421052632,0.07418587215800024
2,66,0.9473684210526315,0.33045838270586875
2,66,1.0,-0.32901065541980645
2,67,0.0,0.597284812439102
2,67,0.05263157894736842,1.6475156911527018
2,67,0.10526315789473684,1.5787735186433456
2,67,0.15789473684210525,1.576503809839288
2,67,0.21052631578947367,2.1246059069117575
2,67,0.2631578947368421,2.409923902231529
2,67,0.3157894736842105,0.39449981967265635
2,67,0.3684210526315789,2.01600825559703
2,67,0.42105263157894735,1.7626943823767365
2,67,0.47368421052631576,0.6387211900012786
2,67,0.5263157894736842,0.9306004529973602
2,67,0.5789473684210527,-0.5085923274359626
2,67,0.631578947368421,1.4947167364764966
2,67,0.6842105263157895,2.4282188179156363
2,67,0.7368421052631579,0.36561327070596994
2,67,0.7894736842105263,2.540875829312914
2,67,0.8421052631578947,1.4657993348070981
2,67,0.8947368421052632,-0.07167338277198979
2,67,0.9473684210526315,0.19480288324012546
2,67,1.0,-0.15919403185187464
2,68,0.0,1.2139327168616485
2,68,0.05263157894736842,1.8788700454450509
2,68,0.10526315789473684,1.723426305896464
2,68,0.15789473684210525,1.409010931617696
2,68,0.21052631578947367,2.901963971235333
2,68,0.2631578947368421,2.196055257709981
2,68,0.3157894736842105,2.314418442944242
2,68,0.3684210526315789,2.0821491853747007
2,68,0.42105263157894735,1.9673931923145431
2,68,0.47368421052631576,0.6841429598202464
2,68,0.5263157894736842,1.522372678017953
2,68,0.5789473684210527,0.4713799107267686
2,68,0.631578947368421,0.4547146519831763
2,68,0.6842105263157895,0.8391043856429049
2,68,0.7368421052631579,2.478289504491748
2,68,0.7894736842105263,2.2328222974296965
2,68,0.8421052631578947,1.1533791837268375
2,68,0.8947368421052632,0.3382449855592128
2,68,0.9473684210526315,0.5644870683966141
2,68,1.0,-0.5378851931106501
2,69,0.0,0.41472040857139253
2,69,0.05263157894736842,1.2182600124626612
2,69,0.10526315789473684,0.5651661099476715
2,69,0.15789473684210525,2.6551852549460926
2,69,0.21052631578947367,2.795259705023246
2,69,0.2631578947368421,2.3989938373404365
2,69,0.3157894736842105,2.670031502031921
2,69,0.3684210526315789,1.582303935610161
2,69,0.42105263157894735,0.6683402302932064
2,69,0.47368421052631576,0.9502245340075512
2,69,0.5263157894736842,0.35493056475091245
2,69,0.5789473684210527,0.32797644087833244
2,69,0.631578947368421,1.762851401497364
2,69,0.6842105263157895,1.1149612565469713
2,69,0.7368421052631579,1.9636158644372161
2,69,0.7894736842105263,0.9404595793125454
2,69,0.8421052631578947,2.7166331492684166
2,69,0.8947368421052632,1.370776377069729
2,69,0.9473684210526315,0.21364147396479405
2,69,1.0,-0.9352513065162147
2,70,0.0,1.496991412464695
2,70,0.05263157894736842,1.0733883699941258
2,70,0.10526315789473684,0.491325353626623
2,70,0.15789473684210525,2.630893243952095
2,70,0.21052631578947367,1.38508624112385
2,70,0.2631578947368421,1.4603337010418216
2,70,0.3157894736842105,2.680403197039988
2,70,0.3684210526315789,1.3395979239448608
2,70,0.42105263157894735,0.770529571485022
2,70,0.47368421052631576,0.6089934645171305
2,70,0.5263157894736842,0.03838794714081767
2,70,0.5789473684210527,0.8672327098088519
2,70,0.631578947368421,2.582357971765109
2,70,0.6842105263157895,1.6291839927257836
2,70,0.7368421052631579,1.2426546018032643
2,70,0.7894736842105263,1.5511758489659921
2,70,0.8421052631578947,1.3132392478602573
2,70,0.8947368421052632,0.9409010468187571
2,70,0.9473684210526315,-0.2817267155370903
2,70,1.0,-0.48331153916928826
2,71,0.0,0.5985977887605791
2,71,0.05263157894736842,0.9031110878800891
2,71,0.10526315789473684,1.8235810675668815
2,71,0.15789473684210525,2.1106298802601606
2,71,0.21052631578947367,1.5524444088646712
2,71,0.2631578947368421,1.5380940006830837
2,71,0.3157894736842105,1.8871748758757325
2,71,0.3684210526315789,1.621192048661783
2,71,0.42105263157894735,1.551232930522744
2,71,0.47368421052631576,0.9828603022508734
2,71,0.5263157894736842,0.8302865094440344
2,71,0.5789473684210527,1.0667371332295827
2,71,0.631578947368421,1.387741483075631
2,71,0.6842105263157895,0.9642812845337934
2,71,0.7368421052631579,3.539052469535809
2,71,0.7894736842105263,2.760440337773502
2,71,0.8421052631578947,0.9424910240348194
2,71,0.8947368421052632,-0.8560993828500352
2,71,0.9473684210526315,-0.4076501036134823
2,71,1.0,0.8532216676253208
2,72,0.0,1.0754264847381827
2,72,0.05263157894736842,0.15785442862050125
2,72,0.10526315789473684,1.461873951918079
2,72,0.15789473684210525,2.818142226614968
2,72,0.21052631578947367,2.9488698410899716
2,72,0.2631578947368421,3.1992382281633414
2,72,0.3157894736842105,1.4397929309069524
2,72,0.3684210526315789,0.3664073734872395
2,72,0.42105263157894735,1.782911727062608
2,72,0.47368421052631576,-0.5334678568135833
2,72,0.5263157894736842,1.5918653669826526
2,72,0.5789473684210527,0.7908177407868768
2,72,0.631578947368421,0.9102505811332579
2,72,0.6842105263157895,0.7784377416351501
2,72,0.7368421052631579,2.0243384611223774
2,72,0.7894736842105263,1.3336245247228258
2,72,0.8421052631578947,1.2665639096342254
2,72,0.8947368421052632,0.3467019256224638
2,72,0.9473684210526315,0.13052827743988837
2,72,1.0,0.6955090145794643
2,73,0.0,0.547474202322525
2,73,0.05263157894736842,0.05185174084037629
2,73,0.10526315789473684,1.8326023911386453
2,73,0.15789473684210525,1.394620547645272
2,73,0.21052631578947367,3.3068318901957574
2,73,0.2631578947368421,3.12178014644593
2,73,0.3157894736842105,2.501483657748226
2,73,0.3684210526315789,0.591046065908134
2,73,0.42105263157894735,0.7821827021387951
2,73,0.47368421052631576,1.250286778002795
2,73,0.5263157894736842,0.14439668625942093
2,73,0.5789473684210527,1.0291105341827398
2,73,0.631578947368421,1.6982252681760217
2,73,0.6842105263157895,1.9522122193355744
2,73,0.7368421052631579,2.394813881962726
2,73,0.7894736842105263,2.872087581798313
2,73,0.8421052631578947,0.5850949330436122
2,73,0.8947368421052632,0.31322050190317224
2,73,0.9473684210526315,-0.14517269574635736
2,73,1.0,-0.554574376373614
2,74,0.0,-0.3916125616397315
2,74,0.05263157894736842,0.6919438821863599
2,74,0.10526315789473684,2.2811405918422465
2,74,0.15789473684210525,1.5302547393748187
2,74,0.21052631578947367,3.5239375584584756
2,74,0.2631578947368421,1.7319478349464514
2,74,0.3157894736842105,2.680619433112451
2,74,0.3684210526315789,2.506719152874756
2,74,0.42105263157894735,1.323400644489437
2,74,0.47368421052631576,1.0866445816984598
2,74,0.5263157894736842,-0.04612262356706762
2,74,0.5789473684210527,1.2071831947870555
2,74,0.631578947368421,0.7848251404163565
2,74,0.6842105263157895,2.0683013371141254
2,74,0.7368421052631579,2.982203789479691
2,74,0.7894736842105263,2.4307244260508245
2,74,0.8421052631578947,2.0210240771233003
2,74,0.8947368421052632,1.829893948195397
2,74,0.9473684210526315,0.18095294994854913
2,74,1.0,-0.9769200001644477
2,75,0.0,0.12361473935693418
2,75,0.05263157894736842,1.6278698428458533
2,75,0.10526315789473684,0.6284759699161044
2,75,0.15789473684210525,2.1661132890627317
2,75,0.21052631578947367,4.081334665959902
2,75,0.2631578947368421,3.2842978527053273
2,75,0.3157894736842105,2.7967083365852274
2,75,0.3684210526315789,1.435539615068027
2,75,0.42105263157894735,0.23538719677381642
2,75,0.47368421052631576,1.3422613032676716
2,75,0.5263157894736842,1.2165222810730407
2,75,0.5789473684210527,0.3715912381932269
2,75,0.631578947368421,1.3760671438570444
2,75,0.6842105263157895,1.6423829880651875
2,75,0.7368421052631579,2.0031100828339645
2,75,0.7894736842105263,2.965589304441656
2,75,0.8421052631578947,0.4090436307059539
2,75,0.8947368421052632,1.693133665093359
2,75,0.9473684210526315,0.1299108333637924
2,75,1.0,1.0674233027019897
2,76,0.0,0.25542390963516814
2,76,0.05263157894736842,0.9794911793771441
2,76,0.10526315789473684,-0.15903458759816075
2,76,0.15789473684210525,2.3397945588699316
2,76,0.21052631578947367,2.397287134109548
2,76,0.2631578947368421,1.2670318770512181
2,76,0.3157894736842105,1.9410810788238042
2,76,0.3684210526315789,1.0883604236461637
2,76,0.42105263157894735,1.5425756152737125
2,76,0.47368421052631576,0.558182457550879
2,76,0.5263157894736842,0.5603865889470201
2,76,0.5789473684210527,0.9131307077871856
2,76,0.631578947368421,-0.011598925770368626
2,76,0.6842105263157895,1.235555116449567
2,76,0.7368421052631579,1.5681234510106032
2,76,0.7894736842105263,2.3623621951379397
2,76,0.8421052631578947,0.6960356690796062
2,76,0.8947368421052632,-0.41600497909673595
2,76,0.9473684210526315,0.38708688874875063
2,76,1.0,-0.18447660279967382
2,77,0.0,0.9478493093990857
2,77,0.05263157894736842,0.29703194713351155
2,77,0.10526315789473684,1.3112696830182196
2,77,0.15789473684210525,1.1003335703780388
2,77,0.21052631578947367,2.3068650079607798
2,77,0.2631578947368421,2.168251190460957
2,77,0.3157894736842105,0.9959431046363996
2,77,0.3684210526315789,0.8200146225466967
2,77,0.42105263157894735,1.5833267727221847
2,77,0.47368421052631576,0.31799656135607934
2,77,0.5263157894736842,0.8521998870269372
2,77,0.5789473684210527,0.6033769878035982
2,77,0.631578947368421,-0.38081249094409764
2,77,0.6842105263157895,1.9159034206766583
2,77,0.7368421052631579,2.83149836846663
2,77,0.7894736842105263,2.640439352256376
2,77,0.8421052631578947,0.645939186523651
2,77,0.8947368421052632,-0.12063519934651348
2,77,0.9473684210526315,-0.25047208113366054
2,77,1.0,-0.23416912840827564
2,78,0.0,0.19570383897453764
2,78,0.05263157894736842,1.4531211537953537
2,78,0.10526315789473684,2.2615336127586936
2,78,0.15789473684210525,0.7855627966301271
2,78,0.21052631578947367,2.0120497364902925
2,78,0.2631578947368421,1.3320386903939123
2,78,0.3157894736842105,2.531156532167709
2,78,0.3684210526315789,1.4457236374270828
2,78,0.42105263157894735,2.1138845929994696
2,78,0.47368421052631576,0.161055610611392
2,78,0.5263157894736842,1.6407214063953814
2,78,0.5789473684210527,0.9455981308973154
2,78,0.631578947368421,0.7867521947170955
2,78,0.6842105263157895,0.3983267772740979
2,78,0.7368421052631579,2.322022844785265
2,78,0.7894736842105263,1.12711363718558
2,78,0.8421052631578947,0.07307433999997479
2,78,0.8947368421052632,1.1035239916902997
2,78,0.9473684210526315,0.14766237984080546
2,78,1.0,0.2389417196474129
2,79,0.0,-0.20879232127939018
2,79,0.05263157894736842,0.09604190747654118
2,79,0.10526315789473684,1.665758950909959
2,79,0.15789473684210525,2.3263048658812213
2,79,0.21052631578947367,1.1505861245870015
2,79,0.2631578947368421,2.444335611291154
2,79,0.3157894736842105,2.6516681898059318
2,79,0.3684210526315789,1.2507686211327602
2,79,0.42105263157894735,1.0754303936780942
2,79,0.47368421052631576,0.7986312660415805
2,79,0.5263157894736842,0.3264244054201235
2,79,0.5789473684210527,-0.752725009229021
2,79,0.631578947368421,2.1608009186105748
2,79,0.6842105263157895,2.3030965537908203
2,79,0.7368421052631579,2.779683569810439
2,79,0.7894736842105263,2.3022867506628693
2,79,0.8421052631578947,1.4686637310045665
2,79,0.8947368421052632,0.47191792085571177
2,79,0.9473684210526315,0.3997160523654526
2,79,1.0,1.2092456533662184
2,80,0.0,0.5000332297043542
2,80,0.05263157894736842,1.0206101567661223
2,80,0.10526315789473684,0.706544923483328
2,80,0.15789473684210525,2.069287780441928
2,80,0.21052631578947367,3.111773205704962
2,80,0.2631578947368421,2.6625256079871464
2,80,0.3157894736842105,2.7475214834660964
2,80,0.3684210526315789,2.02591875740131
2,80,0.42105263157894735,1.3879348922797097
2,80,0.47368421052631576,1.2085720894287788
2,80,0.5263157894736842,1.4791900535408573
2,80,0.5789473684210527,0.6867533543377514
2,80,0.631578947368421,1.3665306810593107
2,80,0.6842105263157895,0.5213313032145319
2,80,0.7368421052631579,1.6052874553699714
2,80,0.7894736842105263,1.66920361228285
2,80,0.8421052631578947,1.1519224153892829
2,80,0.8947368421052632,0.20796814382365625
2,80,0.9473684210526315,-0.393391914823854
2,80,1.0,-0.45262951126177686
2,81,0.0,0.8356827407023294
2,81,0.05263157894736842,0.8943968811389018
2,81,0.10526315789473684,0.8433048233651113
2,81,0.15789473684210525,2.1706768310542066
2,81,0.21052631578947367,1.9672493606760157
2,81,0.2631578947368421,1.3688554979468215
2,81,0.3157894736842105,2.1121525420683778
2,81,0.3684210526315789,1.8317415581797087
2,81,0.42105263157894735,1.1820597643030377
2,81,0.47368421052631576,1.097414365457028
2,81,0.5263157894736842,0.7414660085857253
2,81,0.5789473684210527,0.37987234450302915
2,81,0.631578947368421,1.3533562574819389
2,81,0.6842105263157895,1.1404719201547986
2,81,0.7368421052631579,1.062927649363325
2,81,0.7894736842105263,2.587434280625626
2,81,0.8421052631578947,1.5447196405267523
2,81,0.8947368421052632,0.8855188199368877
2,81,0.9473684210526315,-0.11825084106244205
2,81,1.0,0.8814464236738535
2,82,0.0,0.2867161388544842
2,82,0.05263157894736842,1.3320346210540976
2,82,0.10526315789473684,1.9793845982634402
2,82,0.15789473684210525,1.8394461797001622
2,82,0.21052631578947367,2.4901749919536296
2,82,0.2631578947368421,2.689959763765517
2,82,0.3157894736842105,1.9332721212553174
2,82,0.3684210526315789,0.7906065037161261
2,82,0.42105263157894735,0.9780397418927926
2,82,0.47368421052631576,0.9786674371225831
2,82,0.5263157894736842,0.12434598847082312
2,82,0.5789473684210527,-0.3860442349467259
2,82,0.631578947368421,1.397805351620465
2,82,0.6842105263157895,2.7041295147582374
2,82,0.7368421052631579,1.7268813706643071
2,82,0.7894736842105263,2.689815102273889
2,82,0.8421052631578947,1.7445979439851271
2,82,0.8947368421052632,0.8189042261274341
2,82,0.9473684210526315,0.8177593306581424
2,82,1.0,0.18845424245760495
2,83,0.0,-0.5046638078727708
2,83,0.05263157894736842,1.0058550928474963
2,83,0.10526315789473684,1.1246270229273736
2,83,0.15789473684210525,2.3418421533364078
2,83,0.21052631578947367,2.6935612431027773
2,83,0.2631578947368421,2.653670415136134
2,83,0.3157894736842105,2.2835924519553776
2,83,0.3684210526315789,1.4678432196302238
2,83,0.42105263157894735,0.9175265057859822
2,83,0.47368421052631576,0.5154746554382575
2,83,0.5263157894736842,0.678710347310211
2,83,0.5789473684210527,0.6699617180570709
2,83,0.631578947368421,0.9297372970718171
2,83,0.6842105263157895,1.170629018482106
2,83,0.7368421052631579,3.040971430503074
2,83,0.7894736842105263,2.9423980082050076
2,83,0.8421052631578947,1.723616725306092
2,83,0.8947368421052632,-0.3335783192833826
2,83,0.9473684210526315,-0.07075970961233846
2,83,1.0,1.085663618430596
2,84,0.0,-0.5994742772687405
2,84,0.05263157894736842,1.7837672027533513
2,84,0.10526315789473684,1.4808259373282417
2,84,0.15789473684210525,2.8660111189879416
2,84,0.21052631578947367,4.22736218818771
2,84,0.2631578947368421,2.737714912448994
2,84,0.3157894736842105,2.0632329065453354
2,84,0.3684210526315789,1.009861039045485
2,84,0.42105263157894735,0.12648404391319576
2,84,0.47368421052631576,1.2532527132510036
2,84,0.5263157894736842,0.859602967404359
2,84,0.5789473684210527,1.5426175134930766
2,84,0.631578947368421,0.5027773779377404
2,84,0.6842105263157895,1.2733602698816653
2,84,0.7368421052631579,2.047365734035885
2,84,0.7894736842105263,2.1144165656135216
2,84,0.8421052631578947,0.12363411425714815
2,84,0.8947368421052632,0.9624953050783799
2,84,0.9473684210526315,0.29395588265745065
2,84,1.0,-0.07065634547954289
2,85,0.0,0.27488637720634923
2,85,0.05263157894736842,1.0461674783306425
2,85,0.10526315789473684,0.6014935973294889
2,85,0.15789473684210525,1.4064767090215797
2,85,0.21052631578947367,1.7783374294200036
2,85,0.2631578947368421,3.2141606149226587
2,85,0.3157894736842105,2.659447373723079
2,85,0.3684210526315789,1.3085484361711834
2,85,0.42105263157894735,1.829842199111836
2,85,0.47368421052631576,0.10886550527013839
2,85,0.5263157894736842,0.9347488370415518
2,85,0.5789473684210527,0.8461328756272342
2,85,0.631578947368421,1.121865034341806
2,85,0.6842105263157895,0.8775533278475627
2,85,0.7368421052631579,2.694541356019146
2,85,0.7894736842105263,2.0213462970553
2,85,0.8421052631578947,0.8953938169357093
2,85,0.8947368421052632,0.7976894486855691
2,85,0.9473684210526315,0.8522484962537876
2,85,1.0,0.6560283843604459
2,86,0.0,1.7339820649123423
2,86,0.05263157894736842,0.06600569011219948
2,86,0.10526315789473684,1.775698038152761
2,86,0.15789473684210525,0.7853083378181147
2,86,0.21052631578947367,2.661269649269936
2,86,0.2631578947368421,3.0496698805302076
2,86,0.3157894736842105,3.0972660261099576
2,86,0.3684210526315789,2.4323736877382887
2,86,0.42105263157894735,1.6840499467662964
2,86,0.47368421052631576,1.984446386814282
2,86,0.5263157894736842,0.7162940064553742
2,86,0.5789473684210527,-0.3145717249546033
2,86,0.631578947368421,1.2331252570057698
2,86,0.6842105263157895,2.3974187694697564
2,86,0.7368421052631579,2.421528744461861
2,86,0.7894736842105263,1.9011084584193667
2,86,0.8421052631578947,1.4213064127773827
2,86,0.8947368421052632,1.0879641948427865
2,86,0.9473684210526315,0.22634396900512474
2,86,1.0,-0.08918724907665253
2,87,0.0,0.4962748559976605
2,87,0.05263157894736842,0.5907527234186668
2,87,0.10526315789473684,2.3113693060162586
2,87,0.15789473684210525,2.4226847046178137
2,87,0.21052631578947367,3.0753024214553855
2,87,0.2631578947368421,3.6296748527692415
2,87,0.3157894736842105,1.4049788322003287
2,87,0.3684210526315789,2.722375204987043
2,87,0.42105263157894735,1.5727892765939557
2,87,0.47368421052631576,1.1328828306427465
2,87,0.5263157894736842,1.372755049020169
2,87,0.5789473684210527,0.5993974791024643
2,87,0.631578947368421,0.9211544067589053
2,87,0.6842105263157895,1.8168616716835333
2,87,0.7368421052631579,1.6013972721052352
2,87,0.7894736842105263,1.2850801459240622
2,87,0.8421052631578947,0.3510704158428916
2,87,0.8947368421052632,0.11796295921171325
2,87,0.9473684210526315,-0.1471594530316141
2,87,1.0,0.8051126160031878
2,88,0.0,0.7299099805907557
2,88,0.05263157894736842,1.452425427246511
2,88,0.10526315789473684,1.3262220217232241
2,88,0.15789473684210525,1.838774713363283
2,88,0.21052631578947367,2.7954105142162686
2,88,0.2631578947368421,1.8232670762262009
2,88,0.3157894736842105,2.30347237411417
2,88,0.3684210526315789,1.8187033202123373
2,88,0.42105263157894735,1.2885596377481388
2,88,0.47368421052631576,0.07595825281282298
2,88,0.5263157894736842,0.975290790041094
2,88,0.5789473684210527,1.0458081780638975
2,88,0.631578947368421,1.1594824531863646
2,88,0.6842105263157895,1.6854071277565668
2,88,0.7368421052631579,1.3549492562288445
2,88,0.7894736842105263,0.6726064936782057
2,88,0.8421052631578947,1.294056205834148
2,88,0.8947368421052632,0.2676001804305109
2,88,0.9473684210526315,0.08951261034747732
2,88,1.0,0.43675731997063094
2,89,0.0,0.6131879623605961
2,89,0.05263157894736842,0.7607822189210836
2,89,0.10526315789473684,1.9781760763687013
2,89,0.15789473684210525,1.7750140979934284
2,89,0.21052631578947367,2.9707748205642615
2,89,0.2631578947368421,1.8303622744871335
2,89,0.3157894736842105,2.2110226113687173
2,89,0.3684210526315789,1.2019607611514742
2,89,0.42105263157894735,2.099509369434531
2,89,0.47368421052631576,0.5593192675114239
2,89,0.5263157894736842,0.4280867737119499
2,89,0.5789473684210527,0.5240900522977665
2,89,0.631578947368421,1.269237661261649
2,89,0.6842105263157895,1.3026351591902385
2,89,0.7368421052631579,1.3305786403078563
2,89,0.7894736842105263,1.827349891116126
2,89,0.8421052631578947,1.1513867585090911
2,89,0.8947368421052632,1.5077614139213744
2,89,0.9473684210526315,0.2590349503678876
2,89,1.0,-0.674714490469497
2,90,0.0,1.2772676621669659
2,90,0.05263157894736842,1.0601909876129174
2,90,0.10526315789473684,2.0702459395659174
2,90,0.15789473684210525,2.6508191747646186
2,90,0.21052631578947367,3.3662768093196846
2,90,0.2631578947368421,2.3870007485105003
2,90,0.3157894736842105,2.6643427594254097
2,90,0.3684210526315789,2.6648972608873183
2,90,0.42105263157894735,1.2687068609909702
2,90,0.47368421052631576,0.7694378836152566
2,90,0.5263157894736842,-0.17020209407457879
2,90,0.5789473684210527,0.43412694342994174
2,90,0.631578947368421,2.2374763308750234
2,90,0.6842105263157895,2.359898611012047
2,90,0.7368421052631579,2.175519091190754
2,90,0.7894736842105263,2.2486158779870173
2,90,0.8421052631578947,2.2874461371258685
2,90,0.8947368421052632,0.5556499167479718
2,90,0.9473684210526315,0.6930831856695432
2,90,1.0,-0.7464439974794967
2,91,0.0,1.2385174926232723
2,91,0.05263157894736842,0.7211783632762819
2,91,0.10526315789473684,1.8380283485472675
2,91,0.15789473684210525,2.8305391368837247
2,91,0.21052631578947367,2.3244690884415107
2,91,0.2631578947368421,3.017334829823457
2,91,0.3157894736842105,2.697769236670545
2,91,0.3684210526315789,0.9538426108320144
2,91,0.42105263157894735,0.780568510664879
2,91,0.47368421052631576,0.2806801058031629
2,91,0.5263157894736842,0.4504958876880046
2,91,0.5789473684210527,0.13766678642379682
2,91,0.631578947368421,0.6727460977033909
2,91,0.6842105263157895,1.4334230285177523
2,91,0.7368421052631579,2.3730367759085125
2,91,0.7894736842105263,0.45745323484971423
2,91,0.8421052631578947,1.6117142840778982
2,91,0.8947368421052632,1.2396640023492025
2,91,0.9473684210526315,0.07746898862963632
2,91,1.0,0.22623834644481924
2,92,0.0,1.3703751364637478
2,92,0.05263157894736842,-0.2736854695965867
2,92,0.10526315789473684,1.2714549517234244
2,92,0.15789473684210525,1.4758787889243066
2,92,0.21052631578947367,1.982222954249474
2,92,0.2631578947368421,1.7117971560843819
2,92,0.3157894736842105,1.0195205284843398
2,92,0.3684210526315789,1.3661703824151696
2,92,0.42105263157894735,2.151979174883473
2,92,0.47368421052631576,1.4279433162649582
2,92,0.5263157894736842,-0.20712610008787
2,92,0.5789473684210527,0.4951987303109224
2,92,0.631578947368421,2.1940658651280947
2,92,0.6842105263157895,0.8088318771717965
2,92,0.7368421052631579,1.7810255439442702
2,92,0.7894736842105263,1.9082104371540936
2,92,0.8421052631578947,1.4029638781912714
2,92,0.8947368421052632,1.5015569474781898
2,92,0.9473684210526315,1.592764047178504
2,92,1.0,0.6141352132654146
2,93,0.0,0.01671594930650777
2,93,0.05263157894736842,1.384478059496576
2,93,0.10526315789473684,1.0323008619540022
2,93,0.15789473684210525,1.7812910923717742
2,93,0.21052631578947367,2.229743508092564
2,93,0.2631578947368421,2.688508600685346
2,93,0.3157894736842105,2.1560477867799674
2,93,0.3684210526315789,2.1880696190169333
2,93,0.42105263157894735,1.766780685256933
2,93,0.47368421052631576,0.3083715750507239
2,93,0.5263157894736842,0.06791643413807977
2,93,0.5789473684210527,1.2604754025337819
2,93,0.631578947368421,1.6051102583773567
2,93,0.6842105263157895,0.9758095061299732
2,93,0.7368421052631579,2.029936996911327
2,93,0.7894736842105263,2.5164808546283415
2,93,0.8421052631578947,0.951165577275773
2,93,0.8947368421052632,0.6129307343852706
2,93,0.9473684210526315,-0.600777288851528
2,93,1.0,0.0518088264402908
2,94,0.0,-0.00048620220513873047
2,94,0.05263157894736842,1.927345466761885
2,94,0.10526315789473684,2.115205498400489
2,94,0.15789473684210525,1.5442259156718947
2,94,0.21052631578947367,2.13242351217754
2,94,0.2631578947368421,3.401462572260967
2,94,0.3157894736842105,1.4199408987487987
2,94,0.3684210526315789,2.721926529104685
2,94,0.42105263157894735,1.5310535002240768
2,94,0.47368421052631576,1.1965190642192793
2,94,0.5263157894736842,0.1400400286531286
2,94,0.5789473684210527,1.0056196839492992
2,94,0.631578947368421,2.1498065480855746
2,94,0.6842105263157895,3.7184024001842992
2,94,0.7368421052631579,1.0164793939672951
2,94,0.7894736842105263,1.0858855900618913
2,94,0.8421052631578947,2.696078420945496
2,94,0.8947368421052632,0.671094463009972
2,94,0.9473684210526315,-0.49057214658529097
2,94,1.0,1.9271587117113425
2,95,0.0,-0.7487176121724741
2,95,0.05263157894736842,1.1425740467294954
2,95,0.10526315789473684,2.4519501466660696
2,95,0.15789473684210525,1.2356075988540116
2,95,0.21052631578947367,2.235398143748604
2,95,0.2631578947368421,0.7795725595353106
2,95,0.3157894736842105,1.6750536109690175
2,95,0.3684210526315789,2.514332185354214
2,95,0.42105263157894735,0.9566231267171986
2,95,0.47368421052631576,1.1956931684551746
2,95,0.5263157894736842,0.3422018327791224
2,95,0.5789473684210527,1.4674586741584215
2,95,0.631578947368421,0.6997656624805002
2,95,0.6842105263157895,1.7478131467810374
2,95,0.7368421052631579,2.4399413308942437
2,95,0.7894736842105263,1.1652775054767535
2,95,0.8421052631578947,2.099408725865287
2,95,0.8947368421052632,0.9108243415922566
2,95,0.9473684210526315,-0.24318952988542847
2,95,1.0,-0.02850525234282872
2,96,0.0,0.14801621824151678
2,96,0.05263157894736842,0.05272550972090201
2,96,0.10526315789473684,0.7616938392496106
2,96,0.15789473684210525,1.6340045584444272
2,96,0.21052631578947367,3.0390138057426452
2,96,0.2631578947368421,3.8261963615339085
2,96,0.3157894736842105,2.4589189189508187
2,96,0.3684210526315789,1.5519663166725708
2,96,0.42105263157894735,1.3864633843212157
2,96,0.47368421052631576,0.8945351079842571
2,96,0.5263157894736842,-0.5414259084728081
2,96,0.5789473684210527,-0.600838300738173
2,96,0.631578947368421,0.9774917169636241
2,96,0.6842105263157895,1.8073608247086694
2,96,0.7368421052631579,2.601810948679027
2,96,0.7894736842105263,1.1904809461811803
2,96,0.8421052631578947,0.8762099536027409
2,96,0.8947368421052632,1.5254647246837252
2,96,0.9473684210526315,0.7978898030574109
2,96,1.0,0.351374687170807
2,97,0.0,1.8694424114010708
2,97,0.05263157894736842,0.47079107332236
2,97,0.10526315789473684,1.3994197830505852
2,97,0.15789473684210525,2.7064619713979114
2,97,0.21052631578947367,2.5083098979966967
2,97,0.2631578947368421,2.523950041773334
2,97,0.3157894736842105,2.48793719190002
2,97,0.3684210526315789,1.6969912325827508
2,97,0.42105263157894735,1.1476038808875508
2,97,0.47368421052631576,0.587817842222895
2,97,0.5263157894736842,1.243260312455702
2,97,0.5789473684210527,1.5917677806958836
2,97,0.631578947368421,0.7803106820753563
2,97,0.6842105263157895,1.745749469088645
2,97,0.7368421052631579,2.906476680269728
2,97,0.7894736842105263,1.2115160946005359
2,97,0.8421052631578947,1.0447753109023943
2,97,0.8947368421052632,1.230118611511919
2,97,0.9473684210526315,0.12348792925849153
2,97,1.0,-0.29281242515507383
2,98,0.0,1.9595833978302886
2,98,0.05263157894736842,1.2447681174835963
2,98,0.10526315789473684,2.5083499393157367
2,98,0.15789473684210525,4.064241106372624
2,98,0.21052631578947367,1.55527408400157
2,98,0.2631578947368421,1.8953607958363752
2,98,0.3157894736842105,1.8351476102216826
2,98,0.3684210526315789,1.4126943578344977
2,98,0.42105263157894735,2.2406202883649393
2,98,0.47368421052631576,1.4065824872426358
2,98,0.5263157894736842,1.1384413044086943
2,98,0.5789473684210527,0.17307999916772007
2,98,0.631578947368421,2.0627409631122275
2,98,0.6842105263157895,0.8262153363083808
2,98,0.7368421052631579,0.7043234194284097
2,98,0.7894736842105263,1.7542400331090147
2,98,0.8421052631578947,0.9505720637284235
2,98,0.8947368421052632,-0.3508777029377924
2,98,0.9473684210526315,-0.09765355920622674
2,98,1.0,0.7303014211823271
2,99,0.0,0.49707314715088674
2,99,0.05263157894736842,-0.4094569900187169
2,99,0.10526315789473684,0.5457431896828417
2,99,0.15789473684210525,2.3437872269006124
2,99,0.21052631578947367,1.913865698528943
2,99,0.2631578947368421,2.504514500990115
2,99,0.3157894736842105,2.0859051658466967
2,99,0.3684210526315789,2.818746517458011
2,99,0.42105263157894735,1.1496022480103456
2,99,0.47368421052631576,2.3678941250654635
2,99,0.5263157894736842,0.45769295023104656
2,99,0.5789473684210527,0.09166955170844425
2,99,0.631578947368421,0.38094989317066297
2,99,0.6842105263157895,0.8659446067143565
2,99,0.7368421052631579,2.451979556012492
2,99,0.7894736842105263,2.7378984296012403
2,99,0.8421052631578947,1.7644563969412166
2,99,0.8947368421052632,0.5605756864476522
2,99,0.9473684210526315,-0.411186897299953
2,99,1.0,-0.3518610326843974
2,100,0.0,1.4584804001182354
2,100,0.05263157894736842,0.8672545559772818
2,100,0.10526315789473684,1.89270337758217
2,100,0.15789473684210525,1.2178799748523845
2,100,0.21052631578947367,2.1908259164252177
2,100,0.2631578947368421,2.1132275468859842
2,100,0.3157894736842105,3.623051593121479
2,100,0.3684210526315789,3.46229174647595
2,100,0.42105263157894735,1.8438399791179656
2,100,0.47368421052631576,0.9772315187094497
2,100,0.5263157894736842,0.8989853732139285
2,100,0.5789473684210527,0.4379593608200059
2,100,0.631578947368421,0.03875728275085838
2,100,0.6842105263157895,1.948317324381123
2,100,0.7368421052631579,1.6821732056703587
2,100,0.7894736842105263,2.043274612033593
2,100,0.8421052631578947,1.015522161697251
2,100,0.8947368421052632,1.4981029136984634
2,100,0.9473684210526315,0.6736546237116191
2,100,1.0,0.6893443682934919
